{
    "accuracy": 0.9966666666666667,
    "precision": 0.9933774834437086,
    "recall": 1.0,
    "f1_score": 0.9966777408637874,
    "false_positive_rate": 0.006666666666666667
}