=== Random forest categorical test | backend=ONNXRuntime ===

Category                                           | Type     | Expected | Pred     | Conf   | Time (ms) | Status
-------------------------------------------------------------------------------------------------------------------
SQL Injection (Basic)                              | RAW      | ATTACK   | ATTACK   | 1.0000 |    14.19 | ✅
SQL Injection (Basic)                              | ENC      | ATTACK   | ATTACK   | 1.0000 |     3.67 | ✅
SQL Injection (UNION-based)                        | RAW      | ATTACK   | ATTACK   | 1.0000 |     3.08 | ✅
SQL Injection (UNION-based)                        | ENC      | ATTACK   | ATTACK   | 1.0000 |     2.96 | ✅
SQL Injection (Error-based)                        | RAW      | ATTACK   | ATTACK   | 1.0000 |     3.12 | ✅
SQL Injection (Error-based)                        | ENC      | ATTACK   | ATTACK   | 1.0000 |     2.96 | ✅
SQL Injection (Boolean Blind)                      | RAW      | ATTACK   | ATTACK   | 1.0000 |     2.95 | ✅
SQL Injection (Boolean Blind)                      | ENC      | ATTACK   | ATTACK   | 1.0000 |     4.09 | ✅
SQL Injection (Time-based Blind)                   | RAW      | ATTACK   | ATTACK   | 1.0000 |     3.09 | ✅
SQL Injection (Time-based Blind)                   | ENC      | ATTACK   | ATTACK   | 1.0000 |     3.01 | ✅
SQL Injection (Postgres Sleep)                     | RAW      | ATTACK   | ATTACK   | 1.0000 |     3.00 | ✅
SQL Injection (Postgres Sleep)                     | ENC      | ATTACK   | ATTACK   | 1.0000 |     2.87 | ✅
SQL Injection (Hex Bypass)                         | RAW      | ATTACK   | ATTACK   | 1.0000 |     2.94 | ✅
SQL Injection (Hex Bypass)                         | ENC      | ATTACK   | ATTACK   | 1.0000 |     3.21 | ✅
SQL Injection (Comment Obfuscation)                | RAW      | ATTACK   | ATTACK   | 1.0000 |     3.40 | ✅
SQL Injection (Comment Obfuscation)                | ENC      | ATTACK   | ATTACK   | 1.0000 |     3.67 | ✅
SQL Injection (Stacked Queries)                    | RAW      | ATTACK   | ATTACK   | 1.0000 |     3.57 | ✅
SQL Injection (Stacked Queries)                    | ENC      | ATTACK   | ATTACK   | 1.0000 |     3.41 | ✅
NoSQL Injection (MongoDB GT)                       | RAW      | ATTACK   | ATTACK   | 1.0000 |     3.17 | ✅
NoSQL Injection (MongoDB GT)                       | ENC      | ATTACK   | ATTACK   | 1.0000 |     2.92 | ✅
NoSQL Injection (Where Clause)                     | RAW      | ATTACK   | ATTACK   | 1.0000 |     2.88 | ✅
NoSQL Injection (Where Clause)                     | ENC      | ATTACK   | ATTACK   | 1.0000 |     2.84 | ✅
Reflected XSS                                      | RAW      | ATTACK   | ATTACK   | 1.0000 |     2.78 | ✅
Reflected XSS                                      | ENC      | ATTACK   | ATTACK   | 1.0000 |     4.32 | ✅
XSS via Image Attributes                           | RAW      | ATTACK   | ATTACK   | 1.0000 |     3.26 | ✅
XSS via Image Attributes                           | ENC      | ATTACK   | ATTACK   | 1.0000 |     4.06 | ✅
XSS via SVG Path                                   | RAW      | ATTACK   | ATTACK   | 1.0000 |     4.44 | ✅
XSS via SVG Path                                   | ENC      | ATTACK   | ATTACK   | 1.0000 |     3.22 | ✅
XSS via Javascript Protocol                        | RAW      | ATTACK   | ATTACK   | 1.0000 |     2.86 | ✅
XSS via Javascript Protocol                        | ENC      | ATTACK   | ATTACK   | 1.0000 |     2.84 | ✅
XSS via Body Tag                                   | RAW      | ATTACK   | ATTACK   | 1.0000 |     2.87 | ✅
XSS via Body Tag                                   | ENC      | ATTACK   | ATTACK   | 1.0000 |     2.78 | ✅
XSS with Double Encoding                           | RAW      | ATTACK   | ATTACK   | 1.0000 |     2.77 | ✅
XSS with Double Encoding                           | ENC      | ATTACK   | ATTACK   | 1.0000 |     2.87 | ✅
XSS via Iframe srcdoc                              | RAW      | ATTACK   | ATTACK   | 1.0000 |     2.81 | ✅
XSS via Iframe srcdoc                              | ENC      | ATTACK   | ATTACK   | 1.0000 |     2.81 | ✅
XSS via HTML5 Vector                               | RAW      | ATTACK   | ATTACK   | 1.0000 |     2.77 | ✅
XSS via HTML5 Vector                               | ENC      | ATTACK   | ATTACK   | 1.0000 |     2.80 | ✅
XSS via Tabbed Protocol                            | RAW      | ATTACK   | ATTACK   | 1.0000 |     3.00 | ✅
XSS via Tabbed Protocol                            | ENC      | ATTACK   | ATTACK   | 1.0000 |     2.96 | ✅
Command Injection (Basic)                          | RAW      | ATTACK   | ATTACK   | 1.0000 |     4.93 | ✅
Command Injection (Basic)                          | ENC      | ATTACK   | ATTACK   | 1.0000 |     3.36 | ✅
Command Injection (Piping)                         | RAW      | ATTACK   | ATTACK   | 1.0000 |     2.99 | ✅
Command Injection (Piping)                         | ENC      | ATTACK   | ATTACK   | 1.0000 |     3.28 | ✅
Command Injection (Subshell)                       | RAW      | ATTACK   | ATTACK   | 1.0000 |     2.90 | ✅
Command Injection (Subshell)                       | ENC      | ATTACK   | ATTACK   | 1.0000 |     2.88 | ✅
Command Injection (Backticks)                      | RAW      | ATTACK   | ATTACK   | 1.0000 |     3.06 | ✅
Command Injection (Backticks)                      | ENC      | ATTACK   | ATTACK   | 1.0000 |     3.80 | ✅
Command Injection (Logical OR)                     | RAW      | ATTACK   | ATTACK   | 1.0000 |     4.70 | ✅
Command Injection (Logical OR)                     | ENC      | ATTACK   | ATTACK   | 1.0000 |     3.19 | ✅
Command Injection (New line)                       | RAW      | ATTACK   | ATTACK   | 1.0000 |     3.37 | ✅
Command Injection (New line)                       | ENC      | ATTACK   | ATTACK   | 1.0000 |     3.84 | ✅
Path Traversal (Basic)                             | RAW      | ATTACK   | ATTACK   | 1.0000 |     2.99 | ✅
Path Traversal (Basic)                             | ENC      | ATTACK   | ATTACK   | 1.0000 |     2.85 | ✅
Path Traversal (Null Byte)                         | RAW      | ATTACK   | ATTACK   | 1.0000 |     5.90 | ✅
Path Traversal (Null Byte)                         | ENC      | ATTACK   | ATTACK   | 1.0000 |     3.01 | ✅
Path Traversal (URL Encoded)                       | RAW      | ATTACK   | ATTACK   | 1.0000 |     2.81 | ✅
Path Traversal (URL Encoded)                       | ENC      | ATTACK   | ATTACK   | 1.0000 |     2.87 | ✅
Path Traversal (Double URL Enc)                    | RAW      | ATTACK   | ATTACK   | 1.0000 |     2.89 | ✅
Path Traversal (Double URL Enc)                    | ENC      | ATTACK   | ATTACK   | 1.0000 |     2.86 | ✅
Local File Inclusion (PHP Filter)                  | RAW      | ATTACK   | ATTACK   | 1.0000 |     3.39 | ✅
Local File Inclusion (PHP Filter)                  | ENC      | ATTACK   | ATTACK   | 1.0000 |     4.82 | ✅
Local File Inclusion (Input Wrapper)               | RAW      | ATTACK   | ATTACK   | 1.0000 |     3.20 | ✅
Local File Inclusion (Input Wrapper)               | ENC      | ATTACK   | ATTACK   | 1.0000 |     4.12 | ✅
Remote File Inclusion                              | RAW      | ATTACK   | ATTACK   | 1.0000 |     4.33 | ✅
Remote File Inclusion                              | ENC      | ATTACK   | ATTACK   | 1.0000 |     4.52 | ✅
Server-Side Request Forgery (Metadata)             | RAW      | ATTACK   | ATTACK   | 1.0000 |     2.91 | ✅
Server-Side Request Forgery (Metadata)             | ENC      | ATTACK   | ATTACK   | 1.0000 |     2.91 | ✅
Server-Side Request Forgery (Localhost)            | RAW      | ATTACK   | ATTACK   | 1.0000 |     2.52 | ✅
Server-Side Request Forgery (Localhost)            | ENC      | ATTACK   | ATTACK   | 1.0000 |     3.02 | ✅
XML External Entity (XXE)                          | RAW      | ATTACK   | ATTACK   | 1.0000 |     3.08 | ✅
XML External Entity (XXE)                          | ENC      | ATTACK   | ATTACK   | 1.0000 |     3.27 | ✅
SSTI (Jinja2)                                      | RAW      | ATTACK   | ATTACK   | 1.0000 |     3.52 | ✅
SSTI (Jinja2)                                      | ENC      | ATTACK   | ATTACK   | 1.0000 |     6.48 | ✅
SSTI (Mako)                                        | RAW      | ATTACK   | ATTACK   | 1.0000 |     3.21 | ✅
SSTI (Mako)                                        | ENC      | ATTACK   | ATTACK   | 1.0000 |     3.21 | ✅
Log4Shell Payload                                  | RAW      | ATTACK   | ATTACK   | 1.0000 |     3.12 | ✅
Log4Shell Payload                                  | ENC      | ATTACK   | ATTACK   | 1.0000 |     3.22 | ✅
Shellshock                                         | RAW      | ATTACK   | ATTACK   | 1.0000 |     3.06 | ✅
Shellshock                                         | ENC      | ATTACK   | ATTACK   | 1.0000 |     3.30 | ✅
LDAP Injection                                     | RAW      | ATTACK   | ATTACK   | 1.0000 |     3.07 | ✅
LDAP Injection                                     | ENC      | ATTACK   | ATTACK   | 1.0000 |     3.18 | ✅
XPath Injection                                    | RAW      | ATTACK   | ATTACK   | 1.0000 |     3.14 | ✅
XPath Injection                                    | ENC      | ATTACK   | ATTACK   | 1.0000 |     3.86 | ✅
HTTP Parameter Pollution                           | RAW      | ATTACK   | ATTACK   | 1.0000 |     3.13 | ✅
HTTP Parameter Pollution                           | ENC      | ATTACK   | ATTACK   | 1.0000 |     3.84 | ✅
CRLF Injection                                     | RAW      | ATTACK   | ATTACK   | 1.0000 |     3.92 | ✅
CRLF Injection                                     | ENC      | ATTACK   | ATTACK   | 1.0000 |     3.05 | ✅
Host Header Injection                              | RAW      | ATTACK   | ATTACK   | 1.0000 |     2.73 | ✅
Host Header Injection                              | ENC      | ATTACK   | ATTACK   | 1.0000 |     4.75 | ✅
Prototype Pollution                                | RAW      | ATTACK   | ATTACK   | 1.0000 |     3.08 | ✅
Prototype Pollution                                | ENC      | ATTACK   | ATTACK   | 1.0000 |     2.92 | ✅
Insecure Deserialization (Pickle)                  | RAW      | ATTACK   | ATTACK   | 1.0000 |     3.34 | ✅
Insecure Deserialization (Pickle)                  | ENC      | ATTACK   | ATTACK   | 1.0000 |     2.88 | ✅
GraphQL Introspection                              | RAW      | ATTACK   | ATTACK   | 1.0000 |     2.87 | ✅
GraphQL Introspection                              | ENC      | ATTACK   | ATTACK   | 1.0000 |     2.82 | ✅
JWT Manipulation (alg none)                        | RAW      | ATTACK   | ATTACK   | 1.0000 |     2.78 | ✅
JWT Manipulation (alg none)                        | ENC      | ATTACK   | ATTACK   | 1.0000 |     2.78 | ✅
Open Redirect                                      | RAW      | ATTACK   | ATTACK   | 1.0000 |     2.80 | ✅
Open Redirect                                      | ENC      | ATTACK   | ATTACK   | 1.0000 |     3.27 | ✅
SQL Injection (Wait-for-Delay Bypass)              | RAW      | ATTACK   | ATTACK   | 1.0000 |     3.12 | ✅
SQL Injection (Wait-for-Delay Bypass)              | ENC      | ATTACK   | ATTACK   | 1.0000 |     3.17 | ✅
SQL Injection (OOB via DNS)                        | RAW      | ATTACK   | ATTACK   | 1.0000 |     3.12 | ✅
SQL Injection (OOB via DNS)                        | ENC      | ATTACK   | ATTACK   | 1.0000 |     3.18 | ✅
SQL Injection (In-band via XML)                    | RAW      | ATTACK   | ATTACK   | 1.0000 |     3.69 | ✅
SQL Injection (In-band via XML)                    | ENC      | ATTACK   | ATTACK   | 1.0000 |     3.38 | ✅
XSS via SVG Template                               | RAW      | ATTACK   | ATTACK   | 1.0000 |     3.12 | ✅
XSS via SVG Template                               | ENC      | ATTACK   | ATTACK   | 1.0000 |     2.97 | ✅
XSS via Polyglot Payload                           | RAW      | ATTACK   | ATTACK   | 1.0000 |     3.45 | ✅
XSS via Polyglot Payload                           | ENC      | ATTACK   | ATTACK   | 1.0000 |     3.15 | ✅
XSS via Mutation (mXSS)                            | RAW      | ATTACK   | ATTACK   | 1.0000 |     2.91 | ✅
XSS via Mutation (mXSS)                            | ENC      | ATTACK   | ATTACK   | 1.0000 |     2.95 | ✅
XSS via Client-Side Template Injection             | RAW      | ATTACK   | ATTACK   | 1.0000 |     2.93 | ✅
XSS via Client-Side Template Injection             | ENC      | ATTACK   | ATTACK   | 1.0000 |     2.87 | ✅
Path Traversal (UTF-8 Encoded)                     | RAW      | ATTACK   | ATTACK   | 1.0000 |     3.98 | ✅
Path Traversal (UTF-8 Encoded)                     | ENC      | ATTACK   | ATTACK   | 1.0000 |     2.83 | ✅
Path Traversal (Windows-specific ..\)              | RAW      | ATTACK   | ATTACK   | 1.0000 |     2.85 | ✅
Path Traversal (Windows-specific ..\)              | ENC      | ATTACK   | ATTACK   | 1.0000 |     2.87 | ✅
Path Traversal (Long Path Bypass)                  | RAW      | ATTACK   | ATTACK   | 1.0000 |     2.95 | ✅
Path Traversal (Long Path Bypass)                  | ENC      | ATTACK   | ATTACK   | 1.0000 |     2.95 | ✅
Command Injection (Environmental Variable)         | RAW      | ATTACK   | ATTACK   | 1.0000 |     2.79 | ✅
Command Injection (Environmental Variable)         | ENC      | ATTACK   | ATTACK   | 1.0000 |     2.85 | ✅
Command Injection (Globbing Bypass)                | RAW      | ATTACK   | ATTACK   | 1.0000 |     2.81 | ✅
Command Injection (Globbing Bypass)                | ENC      | ATTACK   | ATTACK   | 1.0000 |     3.48 | ✅
LFI via PHP Expect Wrapper                         | RAW      | ATTACK   | ATTACK   | 1.0000 |     4.11 | ✅
LFI via PHP Expect Wrapper                         | ENC      | ATTACK   | ATTACK   | 1.0000 |     3.14 | ✅
LFI via Phar Archive                               | RAW      | ATTACK   | ATTACK   | 1.0000 |     3.11 | ✅
LFI via Phar Archive                               | ENC      | ATTACK   | ATTACK   | 1.0000 |     3.17 | ✅
RCE via Java RMI                                   | RAW      | ATTACK   | ATTACK   | 1.0000 |     3.15 | ✅
RCE via Java RMI                                   | ENC      | ATTACK   | ATTACK   | 1.0000 |     3.14 | ✅
RCE via Python eval() in JSON                      | RAW      | ATTACK   | ATTACK   | 1.0000 |     3.17 | ✅
RCE via Python eval() in JSON                      | ENC      | ATTACK   | ATTACK   | 1.0000 |     2.88 | ✅
SSRF via Gopher Protocol                           | RAW      | ATTACK   | ATTACK   | 1.0000 |     2.85 | ✅
SSRF via Gopher Protocol                           | ENC      | ATTACK   | ATTACK   | 1.0000 |     3.34 | ✅
SSRF via Dict Protocol                             | RAW      | ATTACK   | ATTACK   | 1.0000 |     3.09 | ✅
SSRF via Dict Protocol                             | ENC      | ATTACK   | ATTACK   | 1.0000 |     3.26 | ✅
XXE via Parametric Entities                        | RAW      | ATTACK   | ATTACK   | 1.0000 |     3.07 | ✅
XXE via Parametric Entities                        | ENC      | ATTACK   | ATTACK   | 1.0000 |     4.27 | ✅
XXE via XInclude                                   | RAW      | ATTACK   | ATTACK   | 1.0000 |     3.37 | ✅
XXE via XInclude                                   | ENC      | ATTACK   | ATTACK   | 1.0000 |     3.11 | ✅
SSTI (Velocity)                                    | RAW      | ATTACK   | ATTACK   | 1.0000 |     3.13 | ✅
SSTI (Velocity)                                    | ENC      | ATTACK   | ATTACK   | 1.0000 |     2.98 | ✅
SSTI (Smarty)                                      | RAW      | ATTACK   | ATTACK   | 1.0000 |     2.82 | ✅
SSTI (Smarty)                                      | ENC      | ATTACK   | ATTACK   | 1.0000 |     2.97 | ✅
SSTI (Twice)                                       | RAW      | ATTACK   | ATTACK   | 1.0000 |     2.97 | ✅
SSTI (Twice)                                       | ENC      | ATTACK   | ATTACK   | 1.0000 |     2.94 | ✅
HTTP Request Smuggling (CL.TE)                     | RAW      | ATTACK   | ATTACK   | 1.0000 |     3.64 | ✅
HTTP Request Smuggling (CL.TE)                     | ENC      | ATTACK   | ATTACK   | 1.0000 |     3.08 | ✅
HTTP Request Smuggling (TE.CL)                     | RAW      | ATTACK   | ATTACK   | 1.0000 |     2.84 | ✅
HTTP Request Smuggling (TE.CL)                     | ENC      | ATTACK   | ATTACK   | 1.0000 |     3.06 | ✅
HTTP Response Splitting                            | RAW      | ATTACK   | ATTACK   | 1.0000 |     4.15 | ✅
HTTP Response Splitting                            | ENC      | ATTACK   | ATTACK   | 1.0000 |     3.49 | ✅
LDAP Injection (Attr filter)                       | RAW      | ATTACK   | ATTACK   | 1.0000 |     3.46 | ✅
LDAP Injection (Attr filter)                       | ENC      | ATTACK   | ATTACK   | 1.0000 |     3.35 | ✅
XPath Injection (Function call)                    | RAW      | ATTACK   | ATTACK   | 1.0000 |     3.16 | ✅
XPath Injection (Function call)                    | ENC      | ATTACK   | ATTACK   | 1.0000 |     2.93 | ✅
SMTP Injection (Header manipulation)               | RAW      | ATTACK   | ATTACK   | 1.0000 |     2.83 | ✅
SMTP Injection (Header manipulation)               | ENC      | ATTACK   | ATTACK   | 1.0000 |     2.81 | ✅
IMAP Injection                                     | RAW      | ATTACK   | ATTACK   | 1.0000 |     2.77 | ✅
IMAP Injection                                     | ENC      | ATTACK   | ATTACK   | 1.0000 |     2.77 | ✅
NoSQL Injection (JavaScript Execution $where)      | RAW      | ATTACK   | ATTACK   | 1.0000 |     3.45 | ✅
NoSQL Injection (JavaScript Execution $where)      | ENC      | ATTACK   | ATTACK   | 1.0000 |     3.04 | ✅
NoSQL Injection (Bitwise operations)               | RAW      | ATTACK   | ATTACK   | 1.0000 |     2.88 | ✅
NoSQL Injection (Bitwise operations)               | ENC      | ATTACK   | ATTACK   | 1.0000 |     2.81 | ✅
Prototype Pollution (Node.js)                      | RAW      | ATTACK   | ATTACK   | 1.0000 |     2.79 | ✅
Prototype Pollution (Node.js)                      | ENC      | ATTACK   | ATTACK   | 1.0000 |     2.72 | ✅
Object Injection (PHP)                             | RAW      | ATTACK   | ATTACK   | 1.0000 |     2.78 | ✅
Object Injection (PHP)                             | ENC      | ATTACK   | ATTACK   | 1.0000 |     3.29 | ✅
Insecure Deserialization (Java SerialVersionUID)   | RAW      | ATTACK   | ATTACK   | 1.0000 |     2.95 | ✅
Insecure Deserialization (Java SerialVersionUID)   | ENC      | ATTACK   | ATTACK   | 1.0000 |     3.03 | ✅
Insecure Deserialization (.NET TypeNameHandling)   | RAW      | ATTACK   | ATTACK   | 1.0000 |     2.91 | ✅
Insecure Deserialization (.NET TypeNameHandling)   | ENC      | ATTACK   | ATTACK   | 1.0000 |     2.92 | ✅
GraphQL Injection (Aliasing)                       | RAW      | ATTACK   | ATTACK   | 1.0000 |     3.22 | ✅
GraphQL Injection (Aliasing)                       | ENC      | ATTACK   | ATTACK   | 1.0000 |     2.90 | ✅
GraphQL Injection (Batching)                       | RAW      | ATTACK   | ATTACK   | 1.0000 |     2.90 | ✅
GraphQL Injection (Batching)                       | ENC      | ATTACK   | ATTACK   | 1.0000 |     5.23 | ✅
JWT Injection (Kid manipulation)                   | RAW      | ATTACK   | ATTACK   | 1.0000 |     3.08 | ✅
JWT Injection (Kid manipulation)                   | ENC      | ATTACK   | ATTACK   | 1.0000 |     2.85 | ✅
JWT Injection (Jku redirection)                    | RAW      | ATTACK   | ATTACK   | 1.0000 |     2.87 | ✅
JWT Injection (Jku redirection)                    | ENC      | ATTACK   | ATTACK   | 1.0000 |     2.80 | ✅
Clickjacking (X-Frame-Options bypass attempt)      | RAW      | ATTACK   | ATTACK   | 1.0000 |     2.82 | ✅
Clickjacking (X-Frame-Options bypass attempt)      | ENC      | ATTACK   | ATTACK   | 1.0000 |     2.80 | ✅
Tabnabbing (target="_blank" without noopener)      | RAW      | ATTACK   | ATTACK   | 1.0000 |     2.80 | ✅
Tabnabbing (target="_blank" without noopener)      | ENC      | ATTACK   | ATTACK   | 1.0000 |     2.79 | ✅
Cache Poisoning Request                            | RAW      | ATTACK   | ATTACK   | 1.0000 |     2.74 | ✅
Cache Poisoning Request                            | ENC      | ATTACK   | ATTACK   | 1.0000 |     2.84 | ✅
Slowloris Header Pattern                           | RAW      | ATTACK   | ATTACK   | 1.0000 |     2.91 | ✅
Slowloris Header Pattern                           | ENC      | ATTACK   | ATTACK   | 1.0000 |     2.77 | ✅
BREACH Attack Payload                              | RAW      | ATTACK   | ATTACK   | 1.0000 |     2.90 | ✅
BREACH Attack Payload                              | ENC      | ATTACK   | ATTACK   | 1.0000 |     2.78 | ✅
WebSocket Injection (Malformed frame)              | RAW      | ATTACK   | ATTACK   | 1.0000 |     2.75 | ✅
WebSocket Injection (Malformed frame)              | ENC      | ATTACK   | ATTACK   | 1.0000 |     2.76 | ✅
Server-Side Request Forgery via PDF Generator      | RAW      | ATTACK   | ATTACK   | 1.0000 |     3.42 | ✅
Server-Side Request Forgery via PDF Generator      | ENC      | ATTACK   | ATTACK   | 1.0000 |     2.86 | ✅
Blind SQLi via User-Agent Header                   | RAW      | ATTACK   | ATTACK   | 1.0000 |     2.76 | ✅
Blind SQLi via User-Agent Header                   | ENC      | ATTACK   | ATTACK   | 1.0000 |     2.82 | ✅
Path Traversal via ZIP Slip                        | RAW      | ATTACK   | ATTACK   | 1.0000 |     2.80 | ✅
Path Traversal via ZIP Slip                        | ENC      | ATTACK   | ATTACK   | 1.0000 |     2.78 | ✅
RCE via Spring4Shell (CVE-2022-22965)              | RAW      | ATTACK   | ATTACK   | 1.0000 |     2.86 | ✅
RCE via Spring4Shell (CVE-2022-22965)              | ENC      | ATTACK   | ATTACK   | 1.0000 |     2.79 | ✅
Real user data capture                             | RAW      | ATTACK   | ATTACK   | 1.0000 |     2.83 | ✅
Real user data capture                             | ENC      | ATTACK   | ATTACK   | 1.0000 |     2.79 | ✅
SQL Injection (Wait-for-Delay Bypass)              | RAW      | ATTACK   | ATTACK   | 1.0000 |     2.76 | ✅
SQL Injection (Wait-for-Delay Bypass)              | ENC      | ATTACK   | ATTACK   | 1.0000 |     2.78 | ✅
SQL Injection (OOB via DNS)                        | RAW      | ATTACK   | ATTACK   | 1.0000 |     2.89 | ✅
SQL Injection (OOB via DNS)                        | ENC      | ATTACK   | ATTACK   | 1.0000 |     2.81 | ✅
SQL Injection (In-band via XML)                    | RAW      | ATTACK   | ATTACK   | 1.0000 |     2.99 | ✅
SQL Injection (In-band via XML)                    | ENC      | ATTACK   | ATTACK   | 1.0000 |     2.93 | ✅
SQL Injection (Blind via Error Message)            | RAW      | ATTACK   | ATTACK   | 1.0000 |     2.80 | ✅
SQL Injection (Blind via Error Message)            | ENC      | ATTACK   | ATTACK   | 1.0000 |     3.27 | ✅
Java Attack                                        | RAW      | ATTACK   | ATTACK   | 1.0000 |     4.80 | ✅
Java Attack                                        | ENC      | ATTACK   | ATTACK   | 1.0000 |     3.62 | ✅
TestReal1                                          | RAW      | ATTACK   | ATTACK   | 1.0000 |     2.99 | ✅
TestReal1                                          | ENC      | ATTACK   | ATTACK   | 1.0000 |     3.19 | ✅
TestReal2                                          | RAW      | ATTACK   | ATTACK   | 1.0000 |     3.24 | ✅
TestReal2                                          | ENC      | ATTACK   | ATTACK   | 1.0000 |     3.08 | ✅
Attack_PDF_2                                       | RAW      | ATTACK   | ATTACK   | 1.0000 |     2.79 | ✅
Attack_PDF_2                                       | ENC      | ATTACK   | ATTACK   | 1.0000 |     2.75 | ✅
Attack_PDF_3                                       | RAW      | ATTACK   | ATTACK   | 1.0000 |     2.74 | ✅
Attack_PDF_3                                       | ENC      | ATTACK   | ATTACK   | 1.0000 |     2.82 | ✅
Attack_PDF_4                                       | RAW      | ATTACK   | ATTACK   | 1.0000 |     3.44 | ✅
Attack_PDF_4                                       | ENC      | ATTACK   | ATTACK   | 1.0000 |     3.08 | ✅
Attack_PDF_5                                       | RAW      | ATTACK   | ATTACK   | 1.0000 |     2.94 | ✅
Attack_PDF_5                                       | ENC      | ATTACK   | ATTACK   | 1.0000 |     2.89 | ✅
Attack_PDF_6                                       | RAW      | ATTACK   | ATTACK   | 1.0000 |     2.82 | ✅
Attack_PDF_6                                       | ENC      | ATTACK   | ATTACK   | 1.0000 |     2.83 | ✅
Attack_PDF_7                                       | RAW      | ATTACK   | ATTACK   | 1.0000 |     2.99 | ✅
Attack_PDF_7                                       | ENC      | ATTACK   | ATTACK   | 1.0000 |     2.90 | ✅
Attack_PDF_8                                       | RAW      | ATTACK   | ATTACK   | 1.0000 |     2.93 | ✅
Attack_PDF_8                                       | ENC      | ATTACK   | ATTACK   | 1.0000 |     2.85 | ✅
Attack_PDF_9                                       | RAW      | ATTACK   | ATTACK   | 1.0000 |     3.41 | ✅
Attack_PDF_9                                       | ENC      | ATTACK   | ATTACK   | 1.0000 |     3.17 | ✅
Attack_PDF_10                                      | RAW      | ATTACK   | ATTACK   | 1.0000 |     4.03 | ✅
Attack_PDF_10                                      | ENC      | ATTACK   | ATTACK   | 1.0000 |     3.41 | ✅
Attack_PDF_11                                      | RAW      | ATTACK   | ATTACK   | 1.0000 |     2.97 | ✅
Attack_PDF_11                                      | ENC      | ATTACK   | ATTACK   | 1.0000 |     2.83 | ✅
Attack_PDF_12                                      | RAW      | ATTACK   | ATTACK   | 1.0000 |     2.99 | ✅
Attack_PDF_12                                      | ENC      | ATTACK   | ATTACK   | 1.0000 |     3.28 | ✅
Attack_PDF_13                                      | RAW      | ATTACK   | ATTACK   | 1.0000 |     3.08 | ✅
Attack_PDF_13                                      | ENC      | ATTACK   | ATTACK   | 1.0000 |     2.83 | ✅
Attack_PDF_14                                      | RAW      | ATTACK   | ATTACK   | 1.0000 |     3.11 | ✅
Attack_PDF_14                                      | ENC      | ATTACK   | ATTACK   | 1.0000 |     2.96 | ✅
Attack_PDF_15                                      | RAW      | ATTACK   | ATTACK   | 1.0000 |     2.84 | ✅
Attack_PDF_15                                      | ENC      | ATTACK   | ATTACK   | 1.0000 |     2.75 | ✅
Attack_PDF_16                                      | RAW      | ATTACK   | ATTACK   | 1.0000 |     2.80 | ✅
Attack_PDF_16                                      | ENC      | ATTACK   | ATTACK   | 1.0000 |     2.79 | ✅
Attack_PDF_17                                      | RAW      | ATTACK   | ATTACK   | 1.0000 |     3.15 | ✅
Attack_PDF_17                                      | ENC      | ATTACK   | ATTACK   | 1.0000 |     2.86 | ✅
Attack_PDF_18                                      | RAW      | ATTACK   | ATTACK   | 1.0000 |     2.84 | ✅
Attack_PDF_18                                      | ENC      | ATTACK   | ATTACK   | 1.0000 |     3.43 | ✅
Attack_PDF_19                                      | RAW      | ATTACK   | ATTACK   | 1.0000 |     4.60 | ✅
Attack_PDF_19                                      | ENC      | ATTACK   | ATTACK   | 1.0000 |     2.99 | ✅
Attack_PDF_20                                      | RAW      | ATTACK   | ATTACK   | 1.0000 |     3.28 | ✅
Attack_PDF_20                                      | ENC      | ATTACK   | ATTACK   | 1.0000 |     3.24 | ✅
Attack_PDF_21                                      | RAW      | ATTACK   | ATTACK   | 1.0000 |     2.92 | ✅
Attack_PDF_21                                      | ENC      | ATTACK   | ATTACK   | 1.0000 |     2.85 | ✅
Attack_PDF_22                                      | RAW      | ATTACK   | ATTACK   | 1.0000 |     2.80 | ✅
Attack_PDF_22                                      | ENC      | ATTACK   | ATTACK   | 1.0000 |     2.77 | ✅
Attack_PDF_23                                      | RAW      | ATTACK   | ATTACK   | 1.0000 |     2.87 | ✅
Attack_PDF_23                                      | ENC      | ATTACK   | ATTACK   | 1.0000 |     4.22 | ✅
Attack_PDF_24                                      | RAW      | ATTACK   | ATTACK   | 1.0000 |     2.97 | ✅
Attack_PDF_24                                      | ENC      | ATTACK   | ATTACK   | 1.0000 |     3.02 | ✅
Attack_PDF_25                                      | RAW      | ATTACK   | ATTACK   | 1.0000 |     3.01 | ✅
Attack_PDF_25                                      | ENC      | ATTACK   | ATTACK   | 1.0000 |     2.90 | ✅
Attack_PDF_26                                      | RAW      | ATTACK   | ATTACK   | 1.0000 |     3.12 | ✅
Attack_PDF_26                                      | ENC      | ATTACK   | ATTACK   | 1.0000 |     3.11 | ✅
Attack_PDF_27                                      | RAW      | ATTACK   | ATTACK   | 1.0000 |     2.85 | ✅
Attack_PDF_27                                      | ENC      | ATTACK   | ATTACK   | 1.0000 |     2.79 | ✅
Attack_PDF_28                                      | RAW      | ATTACK   | ATTACK   | 1.0000 |     4.51 | ✅
Attack_PDF_28                                      | ENC      | ATTACK   | ATTACK   | 1.0000 |     3.09 | ✅
Attack_PDF_29                                      | RAW      | ATTACK   | ATTACK   | 1.0000 |     3.08 | ✅
Attack_PDF_29                                      | ENC      | ATTACK   | ATTACK   | 1.0000 |     3.00 | ✅
Attack_PDF_30                                      | RAW      | ATTACK   | ATTACK   | 1.0000 |     2.95 | ✅
Attack_PDF_30                                      | ENC      | ATTACK   | ATTACK   | 1.0000 |     3.13 | ✅
Attack_PDF_31                                      | RAW      | ATTACK   | ATTACK   | 1.0000 |     2.93 | ✅
Attack_PDF_31                                      | ENC      | ATTACK   | ATTACK   | 1.0000 |     2.80 | ✅
Attack_PDF_32                                      | RAW      | ATTACK   | ATTACK   | 1.0000 |     2.71 | ✅
Attack_PDF_32                                      | ENC      | ATTACK   | ATTACK   | 1.0000 |     2.74 | ✅
Attack_PDF_33                                      | RAW      | ATTACK   | ATTACK   | 1.0000 |     0.12 | ✅
Attack_PDF_33                                      | ENC      | ATTACK   | ATTACK   | 1.0000 |     2.92 | ✅
Attack_PDF_34                                      | RAW      | ATTACK   | ATTACK   | 1.0000 |     3.42 | ✅
Attack_PDF_34                                      | ENC      | ATTACK   | ATTACK   | 1.0000 |     3.04 | ✅
Attack_PDF_35                                      | RAW      | ATTACK   | ATTACK   | 1.0000 |     3.07 | ✅
Attack_PDF_35                                      | ENC      | ATTACK   | ATTACK   | 1.0000 |     2.94 | ✅
Attack_PDF_36                                      | RAW      | ATTACK   | ATTACK   | 1.0000 |     3.09 | ✅
Attack_PDF_36                                      | ENC      | ATTACK   | ATTACK   | 1.0000 |     2.99 | ✅
Attack_PDF_37                                      | RAW      | ATTACK   | ATTACK   | 1.0000 |     2.77 | ✅
Attack_PDF_37                                      | ENC      | ATTACK   | ATTACK   | 1.0000 |     2.84 | ✅
Attack_PDF_38                                      | RAW      | ATTACK   | ATTACK   | 1.0000 |     2.83 | ✅
Attack_PDF_38                                      | ENC      | ATTACK   | ATTACK   | 1.0000 |     2.79 | ✅
Attack_PDF_39                                      | RAW      | ATTACK   | ATTACK   | 1.0000 |     3.51 | ✅
Attack_PDF_39                                      | ENC      | ATTACK   | ATTACK   | 1.0000 |     3.51 | ✅
Attack_PDF_40                                      | RAW      | ATTACK   | ATTACK   | 1.0000 |     2.92 | ✅
Attack_PDF_40                                      | ENC      | ATTACK   | ATTACK   | 1.0000 |     2.94 | ✅
Attack_PDF_41                                      | RAW      | ATTACK   | ATTACK   | 1.0000 |     3.03 | ✅
Attack_PDF_41                                      | ENC      | ATTACK   | ATTACK   | 1.0000 |     3.51 | ✅
Attack_PDF_42                                      | RAW      | ATTACK   | ATTACK   | 1.0000 |     3.02 | ✅
Attack_PDF_42                                      | ENC      | ATTACK   | ATTACK   | 1.0000 |     3.33 | ✅
Attack_PDF_43                                      | RAW      | ATTACK   | ATTACK   | 1.0000 |     2.90 | ✅
Attack_PDF_43                                      | ENC      | ATTACK   | ATTACK   | 1.0000 |     3.02 | ✅
Attack_PDF_44                                      | RAW      | ATTACK   | ATTACK   | 1.0000 |     2.89 | ✅
Attack_PDF_44                                      | ENC      | ATTACK   | ATTACK   | 1.0000 |     2.78 | ✅
Attack_PDF_45                                      | RAW      | ATTACK   | ATTACK   | 1.0000 |     2.94 | ✅
Attack_PDF_45                                      | ENC      | ATTACK   | ATTACK   | 1.0000 |     2.89 | ✅
Attack_PDF_46                                      | RAW      | ATTACK   | ATTACK   | 1.0000 |     2.86 | ✅
Attack_PDF_46                                      | ENC      | ATTACK   | ATTACK   | 1.0000 |     2.85 | ✅
Attack_PDF_47                                      | RAW      | ATTACK   | ATTACK   | 1.0000 |     2.97 | ✅
Attack_PDF_47                                      | ENC      | ATTACK   | ATTACK   | 1.0000 |     3.00 | ✅
Attack_PDF_48                                      | RAW      | ATTACK   | ATTACK   | 1.0000 |     3.24 | ✅
Attack_PDF_48                                      | ENC      | ATTACK   | ATTACK   | 1.0000 |     3.29 | ✅
Attack_PDF_49                                      | RAW      | ATTACK   | ATTACK   | 1.0000 |     2.92 | ✅
Attack_PDF_49                                      | ENC      | ATTACK   | ATTACK   | 1.0000 |     2.88 | ✅
Attack_PDF_50                                      | RAW      | ATTACK   | ATTACK   | 1.0000 |     0.12 | ✅
Attack_PDF_50                                      | ENC      | ATTACK   | ATTACK   | 1.0000 |     0.10 | ✅
Attack_PDF_51                                      | RAW      | ATTACK   | ATTACK   | 1.0000 |     3.97 | ✅
Attack_PDF_51                                      | ENC      | ATTACK   | ATTACK   | 1.0000 |     2.94 | ✅
Attack_PDF_52                                      | RAW      | ATTACK   | ATTACK   | 1.0000 |     3.10 | ✅
Attack_PDF_52                                      | ENC      | ATTACK   | ATTACK   | 1.0000 |     3.01 | ✅
Attack_PDF_53                                      | RAW      | ATTACK   | ATTACK   | 1.0000 |     2.99 | ✅
Attack_PDF_53                                      | ENC      | ATTACK   | ATTACK   | 1.0000 |     2.91 | ✅
Attack_PDF_54                                      | RAW      | ATTACK   | ATTACK   | 1.0000 |     3.42 | ✅
Attack_PDF_54                                      | ENC      | ATTACK   | ATTACK   | 1.0000 |     3.29 | ✅
Attack_PDF_55                                      | RAW      | ATTACK   | ATTACK   | 1.0000 |     3.03 | ✅
Attack_PDF_55                                      | ENC      | ATTACK   | ATTACK   | 1.0000 |     3.01 | ✅
Attack_PDF_56                                      | RAW      | ATTACK   | ATTACK   | 1.0000 |     2.84 | ✅
Attack_PDF_56                                      | ENC      | ATTACK   | ATTACK   | 1.0000 |     2.79 | ✅
Attack_PDF_57                                      | RAW      | ATTACK   | ATTACK   | 1.0000 |     2.85 | ✅
Attack_PDF_57                                      | ENC      | ATTACK   | ATTACK   | 1.0000 |     2.83 | ✅
Attack_PDF_58                                      | RAW      | ATTACK   | ATTACK   | 1.0000 |     2.79 | ✅
Attack_PDF_58                                      | ENC      | ATTACK   | ATTACK   | 1.0000 |     2.81 | ✅
Attack_PDF_59                                      | RAW      | ATTACK   | ATTACK   | 1.0000 |     2.81 | ✅
Attack_PDF_59                                      | ENC      | ATTACK   | ATTACK   | 1.0000 |     2.78 | ✅
Attack_PDF_60                                      | RAW      | ATTACK   | ATTACK   | 1.0000 |     2.82 | ✅
Attack_PDF_60                                      | ENC      | ATTACK   | ATTACK   | 1.0000 |     2.82 | ✅
Attack_PDF_61                                      | RAW      | ATTACK   | ATTACK   | 1.0000 |     2.78 | ✅
Attack_PDF_61                                      | ENC      | ATTACK   | ATTACK   | 1.0000 |     2.68 | ✅
Attack_PDF_62                                      | RAW      | ATTACK   | ATTACK   | 1.0000 |     2.65 | ✅
Attack_PDF_62                                      | ENC      | ATTACK   | ATTACK   | 1.0000 |     2.68 | ✅
Attack_PDF_63                                      | RAW      | ATTACK   | ATTACK   | 1.0000 |     2.79 | ✅
Attack_PDF_63                                      | ENC      | ATTACK   | ATTACK   | 1.0000 |     2.77 | ✅
Attack_PDF_64                                      | RAW      | ATTACK   | ATTACK   | 1.0000 |     2.90 | ✅
Attack_PDF_64                                      | ENC      | ATTACK   | ATTACK   | 1.0000 |     2.90 | ✅
Attack_PDF_65                                      | RAW      | ATTACK   | ATTACK   | 1.0000 |     2.75 | ✅
Attack_PDF_65                                      | ENC      | ATTACK   | ATTACK   | 1.0000 |     2.74 | ✅
Attack_PDF_66                                      | RAW      | ATTACK   | ATTACK   | 1.0000 |     2.76 | ✅
Attack_PDF_66                                      | ENC      | ATTACK   | ATTACK   | 1.0000 |     2.72 | ✅
Attack_PDF_67                                      | RAW      | ATTACK   | ATTACK   | 1.0000 |     2.75 | ✅
Attack_PDF_67                                      | ENC      | ATTACK   | ATTACK   | 1.0000 |     2.75 | ✅
Attack_PDF_68                                      | RAW      | ATTACK   | ATTACK   | 1.0000 |     2.74 | ✅
Attack_PDF_68                                      | ENC      | ATTACK   | ATTACK   | 1.0000 |     2.72 | ✅
Attack_PDF_69                                      | RAW      | ATTACK   | ATTACK   | 1.0000 |     2.75 | ✅
Attack_PDF_69                                      | ENC      | ATTACK   | ATTACK   | 1.0000 |     2.73 | ✅
Attack_PDF_70                                      | RAW      | ATTACK   | ATTACK   | 1.0000 |     2.80 | ✅
Attack_PDF_70                                      | ENC      | ATTACK   | ATTACK   | 1.0000 |     2.72 | ✅
Attack_PDF_71                                      | RAW      | ATTACK   | ATTACK   | 1.0000 |     2.79 | ✅
Attack_PDF_71                                      | ENC      | ATTACK   | ATTACK   | 1.0000 |     2.74 | ✅
Attack_PDF_72                                      | RAW      | ATTACK   | ATTACK   | 1.0000 |     2.98 | ✅
Attack_PDF_72                                      | ENC      | ATTACK   | ATTACK   | 1.0000 |     2.93 | ✅
Attack_PDF_73                                      | RAW      | ATTACK   | ATTACK   | 1.0000 |     2.93 | ✅
Attack_PDF_73                                      | ENC      | ATTACK   | ATTACK   | 1.0000 |     2.89 | ✅
Attack_PDF_74                                      | RAW      | ATTACK   | ATTACK   | 1.0000 |     2.79 | ✅
Attack_PDF_74                                      | ENC      | ATTACK   | ATTACK   | 1.0000 |     2.69 | ✅
Attack_PDF_75                                      | RAW      | ATTACK   | ATTACK   | 1.0000 |     2.85 | ✅
Attack_PDF_75                                      | ENC      | ATTACK   | ATTACK   | 1.0000 |     2.80 | ✅
Attack_PDF_76                                      | RAW      | ATTACK   | ATTACK   | 1.0000 |     2.83 | ✅
Attack_PDF_76                                      | ENC      | ATTACK   | ATTACK   | 1.0000 |     2.76 | ✅
Attack_PDF_77                                      | RAW      | ATTACK   | ATTACK   | 1.0000 |     2.78 | ✅
Attack_PDF_77                                      | ENC      | ATTACK   | ATTACK   | 1.0000 |     2.77 | ✅
Attack_PDF_78                                      | RAW      | ATTACK   | ATTACK   | 1.0000 |     2.78 | ✅
Attack_PDF_78                                      | ENC      | ATTACK   | ATTACK   | 1.0000 |     2.78 | ✅
Attack_PDF_79                                      | RAW      | ATTACK   | ATTACK   | 1.0000 |     2.76 | ✅
Attack_PDF_79                                      | ENC      | ATTACK   | ATTACK   | 1.0000 |     2.67 | ✅
Attack_PDF_80                                      | RAW      | ATTACK   | ATTACK   | 1.0000 |     2.67 | ✅
Attack_PDF_80                                      | ENC      | ATTACK   | ATTACK   | 1.0000 |     2.77 | ✅
Attack_PDF_81                                      | RAW      | ATTACK   | ATTACK   | 1.0000 |     2.74 | ✅
Attack_PDF_81                                      | ENC      | ATTACK   | ATTACK   | 1.0000 |     2.70 | ✅
Attack_PDF_82                                      | RAW      | ATTACK   | ATTACK   | 1.0000 |     2.74 | ✅
Attack_PDF_82                                      | ENC      | ATTACK   | ATTACK   | 1.0000 |     2.73 | ✅
Attack_PDF_83                                      | RAW      | ATTACK   | ATTACK   | 1.0000 |     2.71 | ✅
Attack_PDF_83                                      | ENC      | ATTACK   | ATTACK   | 1.0000 |     2.72 | ✅
Attack_PDF_84                                      | RAW      | ATTACK   | ATTACK   | 1.0000 |     2.73 | ✅
Attack_PDF_84                                      | ENC      | ATTACK   | ATTACK   | 1.0000 |     2.71 | ✅
Attack_PDF_85                                      | RAW      | ATTACK   | ATTACK   | 1.0000 |     3.02 | ✅
Attack_PDF_85                                      | ENC      | ATTACK   | ATTACK   | 1.0000 |     2.91 | ✅
Attack_PDF_86                                      | RAW      | ATTACK   | ATTACK   | 1.0000 |     2.68 | ✅
Attack_PDF_86                                      | ENC      | ATTACK   | ATTACK   | 1.0000 |     2.66 | ✅
Attack_PDF_87                                      | RAW      | ATTACK   | ATTACK   | 1.0000 |     2.78 | ✅
Attack_PDF_87                                      | ENC      | ATTACK   | ATTACK   | 1.0000 |     2.77 | ✅
Attack_PDF_88                                      | RAW      | ATTACK   | ATTACK   | 1.0000 |     2.79 | ✅
Attack_PDF_88                                      | ENC      | ATTACK   | ATTACK   | 1.0000 |     2.75 | ✅
Attack_PDF_89                                      | RAW      | ATTACK   | ATTACK   | 1.0000 |     2.73 | ✅
Attack_PDF_89                                      | ENC      | ATTACK   | ATTACK   | 1.0000 |     2.71 | ✅
Attack_PDF_90                                      | RAW      | ATTACK   | ATTACK   | 1.0000 |     2.78 | ✅
Attack_PDF_90                                      | ENC      | ATTACK   | ATTACK   | 1.0000 |     2.87 | ✅
Attack_PDF_91                                      | RAW      | ATTACK   | ATTACK   | 1.0000 |     2.72 | ✅
Attack_PDF_91                                      | ENC      | ATTACK   | ATTACK   | 1.0000 |     2.75 | ✅
Attack_PDF_92                                      | RAW      | ATTACK   | ATTACK   | 1.0000 |     2.79 | ✅
Attack_PDF_92                                      | ENC      | ATTACK   | ATTACK   | 1.0000 |     2.67 | ✅
Attack_PDF_93                                      | RAW      | ATTACK   | ATTACK   | 1.0000 |     2.64 | ✅
Attack_PDF_93                                      | ENC      | ATTACK   | ATTACK   | 1.0000 |     2.69 | ✅
Attack_PDF_94                                      | RAW      | ATTACK   | ATTACK   | 1.0000 |     2.67 | ✅
Attack_PDF_94                                      | ENC      | ATTACK   | ATTACK   | 1.0000 |     2.77 | ✅
Attack_PDF_95                                      | RAW      | ATTACK   | ATTACK   | 1.0000 |     3.47 | ✅
Attack_PDF_95                                      | ENC      | ATTACK   | ATTACK   | 1.0000 |     2.78 | ✅
Attack_PDF_96                                      | RAW      | ATTACK   | ATTACK   | 1.0000 |     2.84 | ✅
Attack_PDF_96                                      | ENC      | ATTACK   | ATTACK   | 1.0000 |     2.78 | ✅
Attack_PDF_97                                      | RAW      | ATTACK   | ATTACK   | 1.0000 |     2.73 | ✅
Attack_PDF_97                                      | ENC      | ATTACK   | ATTACK   | 1.0000 |     2.71 | ✅
Attack_PDF_98                                      | RAW      | ATTACK   | ATTACK   | 1.0000 |     2.81 | ✅
Attack_PDF_98                                      | ENC      | ATTACK   | ATTACK   | 1.0000 |     3.12 | ✅
Attack_PDF_99                                      | RAW      | ATTACK   | ATTACK   | 1.0000 |     3.18 | ✅
Attack_PDF_99                                      | ENC      | ATTACK   | ATTACK   | 1.0000 |     2.88 | ✅
Attack_PDF_100                                     | RAW      | ATTACK   | ATTACK   | 1.0000 |     2.84 | ✅
Attack_PDF_100                                     | ENC      | ATTACK   | ATTACK   | 1.0000 |     3.95 | ✅
Attack_PDF_101                                     | RAW      | ATTACK   | ATTACK   | 1.0000 |     2.99 | ✅
Attack_PDF_101                                     | ENC      | ATTACK   | ATTACK   | 1.0000 |     2.90 | ✅
Attack_PDF_102                                     | RAW      | ATTACK   | ATTACK   | 1.0000 |     3.26 | ✅
Attack_PDF_102                                     | ENC      | ATTACK   | ATTACK   | 1.0000 |     3.00 | ✅
Attack_PDF_103                                     | RAW      | ATTACK   | ATTACK   | 1.0000 |     2.87 | ✅
Attack_PDF_103                                     | ENC      | ATTACK   | ATTACK   | 1.0000 |     2.78 | ✅
Attack_PDF_104                                     | RAW      | ATTACK   | ATTACK   | 1.0000 |     2.86 | ✅
Attack_PDF_104                                     | ENC      | ATTACK   | ATTACK   | 1.0000 |     2.77 | ✅
Attack_PDF_105                                     | RAW      | ATTACK   | ATTACK   | 1.0000 |     3.24 | ✅
Attack_PDF_105                                     | ENC      | ATTACK   | ATTACK   | 1.0000 |     3.07 | ✅
Attack_PDF_106                                     | RAW      | ATTACK   | ATTACK   | 1.0000 |     2.98 | ✅
Attack_PDF_106                                     | ENC      | ATTACK   | ATTACK   | 1.0000 |     3.00 | ✅
Attack_PDF_107                                     | RAW      | ATTACK   | ATTACK   | 1.0000 |     2.75 | ✅
Attack_PDF_107                                     | ENC      | ATTACK   | ATTACK   | 1.0000 |     2.78 | ✅
Attack_PDF_107                                     | RAW      | ATTACK   | ATTACK   | 1.0000 |     2.78 | ✅
Attack_PDF_107                                     | ENC      | ATTACK   | ATTACK   | 1.0000 |     3.88 | ✅
Attack_PDF_108                                     | RAW      | ATTACK   | ATTACK   | 1.0000 |     4.26 | ✅
Attack_PDF_108                                     | ENC      | ATTACK   | ATTACK   | 1.0000 |     3.14 | ✅
Attack_PDF_109                                     | RAW      | ATTACK   | ATTACK   | 1.0000 |     2.96 | ✅
Attack_PDF_109                                     | ENC      | ATTACK   | ATTACK   | 1.0000 |     3.79 | ✅
Attack_PDF_110                                     | RAW      | ATTACK   | ATTACK   | 1.0000 |     3.36 | ✅
Attack_PDF_110                                     | ENC      | ATTACK   | ATTACK   | 1.0000 |     3.91 | ✅
Attack_PDF_111                                     | RAW      | ATTACK   | ATTACK   | 1.0000 |     4.17 | ✅
Attack_PDF_111                                     | ENC      | ATTACK   | ATTACK   | 1.0000 |     5.06 | ✅
Attack_PDF_112                                     | RAW      | ATTACK   | ATTACK   | 1.0000 |     3.22 | ✅
Attack_PDF_112                                     | ENC      | ATTACK   | ATTACK   | 1.0000 |     3.99 | ✅
Attack_PDF_113                                     | RAW      | ATTACK   | ATTACK   | 1.0000 |     3.46 | ✅
Attack_PDF_113                                     | ENC      | ATTACK   | ATTACK   | 1.0000 |     3.00 | ✅
Attack_PDF_114                                     | RAW      | ATTACK   | ATTACK   | 1.0000 |     3.02 | ✅
Attack_PDF_114                                     | ENC      | ATTACK   | ATTACK   | 1.0000 |     3.59 | ✅
Attack_PDF_115                                     | RAW      | ATTACK   | ATTACK   | 1.0000 |     3.89 | ✅
Attack_PDF_115                                     | ENC      | ATTACK   | ATTACK   | 1.0000 |     3.25 | ✅
Attack_PDF_116                                     | RAW      | ATTACK   | ATTACK   | 1.0000 |     3.41 | ✅
Attack_PDF_116                                     | ENC      | ATTACK   | ATTACK   | 1.0000 |     3.00 | ✅
Attack_PDF_117                                     | RAW      | ATTACK   | ATTACK   | 1.0000 |     2.86 | ✅
Attack_PDF_117                                     | ENC      | ATTACK   | ATTACK   | 1.0000 |     2.80 | ✅
Attack_PDF_118                                     | RAW      | ATTACK   | ATTACK   | 1.0000 |     2.87 | ✅
Attack_PDF_118                                     | ENC      | ATTACK   | ATTACK   | 1.0000 |     2.85 | ✅
Attack_PDF_119                                     | RAW      | ATTACK   | ATTACK   | 1.0000 |     3.04 | ✅
Attack_PDF_119                                     | ENC      | ATTACK   | ATTACK   | 1.0000 |     3.15 | ✅
Attack_PDF_120                                     | RAW      | ATTACK   | ATTACK   | 1.0000 |     3.07 | ✅
Attack_PDF_120                                     | ENC      | ATTACK   | ATTACK   | 1.0000 |     2.91 | ✅
Attack_user_121                                    | RAW      | ATTACK   | ATTACK   | 1.0000 |     2.88 | ✅
Attack_user_121                                    | ENC      | ATTACK   | ATTACK   | 1.0000 |     2.80 | ✅
Attack_user_122                                    | RAW      | ATTACK   | ATTACK   | 1.0000 |     2.85 | ✅
Attack_user_122                                    | ENC      | ATTACK   | ATTACK   | 1.0000 |     2.77 | ✅
Attack_usr_123                                     | RAW      | ATTACK   | ATTACK   | 1.0000 |     2.92 | ✅
Attack_usr_123                                     | ENC      | ATTACK   | ATTACK   | 1.0000 |     2.87 | ✅
Attack_usr_124                                     | RAW      | ATTACK   | ATTACK   | 1.0000 |     2.85 | ✅
Attack_usr_124                                     | ENC      | ATTACK   | ATTACK   | 1.0000 |     2.83 | ✅
Attack_usr_125                                     | RAW      | ATTACK   | ATTACK   | 1.0000 |     2.79 | ✅
Attack_usr_125                                     | ENC      | ATTACK   | ATTACK   | 1.0000 |     2.77 | ✅
Attack_usr_126                                     | RAW      | ATTACK   | ATTACK   | 1.0000 |     2.76 | ✅
Attack_usr_126                                     | ENC      | ATTACK   | ATTACK   | 1.0000 |     2.74 | ✅
Attack_usr_127                                     | RAW      | ATTACK   | ATTACK   | 1.0000 |     2.77 | ✅
Attack_usr_127                                     | ENC      | ATTACK   | ATTACK   | 1.0000 |     2.75 | ✅
Attack_usr_128                                     | RAW      | ATTACK   | ATTACK   | 1.0000 |     2.85 | ✅
Attack_usr_128                                     | ENC      | ATTACK   | ATTACK   | 1.0000 |     2.77 | ✅
Attack_usr_129                                     | RAW      | ATTACK   | ATTACK   | 1.0000 |     2.84 | ✅
Attack_usr_129                                     | ENC      | ATTACK   | ATTACK   | 1.0000 |     2.76 | ✅
Attack_usr_130                                     | RAW      | ATTACK   | ATTACK   | 1.0000 |     2.82 | ✅
Attack_usr_130                                     | ENC      | ATTACK   | ATTACK   | 1.0000 |     2.82 | ✅
Attack_usr_131                                     | RAW      | ATTACK   | ATTACK   | 1.0000 |     2.84 | ✅
Attack_usr_131                                     | ENC      | ATTACK   | ATTACK   | 1.0000 |     2.81 | ✅
Attack_usr_132                                     | RAW      | ATTACK   | ATTACK   | 1.0000 |     2.90 | ✅
Attack_usr_132                                     | ENC      | ATTACK   | ATTACK   | 1.0000 |     2.84 | ✅
Attack_usr_133                                     | RAW      | ATTACK   | ATTACK   | 1.0000 |     3.37 | ✅
Attack_usr_133                                     | ENC      | ATTACK   | ATTACK   | 1.0000 |     3.18 | ✅
Attack_usr_134                                     | RAW      | ATTACK   | ATTACK   | 1.0000 |     2.83 | ✅
Attack_usr_134                                     | ENC      | ATTACK   | ATTACK   | 1.0000 |     2.79 | ✅
Attack_usr_135                                     | RAW      | ATTACK   | ATTACK   | 1.0000 |     3.13 | ✅
Attack_usr_135                                     | ENC      | ATTACK   | ATTACK   | 1.0000 |     2.98 | ✅
Attack_usr_136                                     | RAW      | ATTACK   | ATTACK   | 1.0000 |     2.85 | ✅
Attack_usr_136                                     | ENC      | ATTACK   | ATTACK   | 1.0000 |     2.92 | ✅
Attack_FP_137                                      | RAW      | ATTACK   | ATTACK   | 1.0000 |     4.04 | ✅
Attack_FP_137                                      | ENC      | ATTACK   | ATTACK   | 1.0000 |     3.61 | ✅
Attack_usr_138                                     | RAW      | ATTACK   | ATTACK   | 1.0000 |     3.31 | ✅
Attack_usr_138                                     | ENC      | ATTACK   | ATTACK   | 1.0000 |     3.31 | ✅
Attack_usr_139                                     | RAW      | ATTACK   | ATTACK   | 1.0000 |     3.29 | ✅
Attack_usr_139                                     | ENC      | ATTACK   | ATTACK   | 1.0000 |     3.35 | ✅
Attack_usr_140                                     | RAW      | ATTACK   | ATTACK   | 1.0000 |     3.28 | ✅
Attack_usr_140                                     | ENC      | ATTACK   | ATTACK   | 1.0000 |     3.25 | ✅
Attack_usr_141                                     | RAW      | ATTACK   | ATTACK   | 1.0000 |     3.13 | ✅
Attack_usr_141                                     | ENC      | ATTACK   | ATTACK   | 1.0000 |     3.38 | ✅
PADDED_XSS                                         | RAW      | ATTACK   | ATTACK   | 1.0000 |     3.51 | ✅
PADDED_XSS                                         | ENC      | ATTACK   | ATTACK   | 1.0000 |     4.04 | ✅
Attack_Asset_1                                     | RAW      | ATTACK   | ATTACK   | 1.0000 |     2.91 | ✅
Attack_Asset_1                                     | ENC      | ATTACK   | ATTACK   | 1.0000 |     2.80 | ✅
Attack_Asset_2                                     | RAW      | ATTACK   | ATTACK   | 1.0000 |     2.79 | ✅
Attack_Asset_2                                     | ENC      | ATTACK   | ATTACK   | 1.0000 |     2.79 | ✅
Attack_Asset_3                                     | RAW      | ATTACK   | ATTACK   | 1.0000 |     2.80 | ✅
Attack_Asset_3                                     | ENC      | ATTACK   | ATTACK   | 1.0000 |     2.86 | ✅
Attack_Asset_4                                     | RAW      | ATTACK   | ATTACK   | 1.0000 |     2.85 | ✅
Attack_Asset_4                                     | ENC      | ATTACK   | ATTACK   | 1.0000 |     2.77 | ✅
Attack_Joomla_LFI_Null_Byte                        | RAW      | ATTACK   | ATTACK   | 1.0000 |     3.47 | ✅
Attack_Joomla_LFI_Null_Byte                        | ENC      | ATTACK   | ATTACK   | 1.0000 |     3.21 | ✅
Attack_XSS_Param_hc                                | RAW      | ATTACK   | ATTACK   | 1.0000 |     2.95 | ✅
Attack_XSS_Param_hc                                | ENC      | ATTACK   | ATTACK   | 1.0000 |     2.88 | ✅
Attack_LFI_Modulepart_File                         | RAW      | ATTACK   | ATTACK   | 1.0000 |     2.89 | ✅
Attack_LFI_Modulepart_File                         | ENC      | ATTACK   | ATTACK   | 1.0000 |     2.84 | ✅
Attack_Joomla_WebTV_LFI_Null_Byte                  | RAW      | ATTACK   | ATTACK   | 1.0000 |     2.95 | ✅
Attack_Joomla_WebTV_LFI_Null_Byte                  | ENC      | ATTACK   | ATTACK   | 1.0000 |     3.05 | ✅
Attack_LFI_FileName_Mime                           | RAW      | ATTACK   | ATTACK   | 1.0000 |     3.15 | ✅
Attack_LFI_FileName_Mime                           | ENC      | ATTACK   | ATTACK   | 1.0000 |     3.46 | ✅
Attack_XSS_Param_color_SVG                         | RAW      | ATTACK   | ATTACK   | 1.0000 |     3.16 | ✅
Attack_XSS_Param_color_SVG                         | ENC      | ATTACK   | ATTACK   | 1.0000 |     2.89 | ✅
Attack_WordPress_WPV_Image_LFI                     | RAW      | ATTACK   | ATTACK   | 1.0000 |     3.07 | ✅
Attack_WordPress_WPV_Image_LFI                     | ENC      | ATTACK   | ATTACK   | 1.0000 |     3.00 | ✅
Attack_Windows_File_Read                           | RAW      | ATTACK   | ATTACK   | 1.0000 |     3.42 | ✅
Attack_Windows_File_Read                           | ENC      | ATTACK   | ATTACK   | 1.0000 |     3.00 | ✅
Attack_Joomla_JVideoDirect_LFI_Null_Byte           | RAW      | ATTACK   | ATTACK   | 1.0000 |     3.10 | ✅
Attack_Joomla_JVideoDirect_LFI_Null_Byte           | ENC      | ATTACK   | ATTACK   | 1.0000 |     2.94 | ✅
Attack_XSS_Message_Error                           | RAW      | ATTACK   | ATTACK   | 1.0000 |     2.85 | ✅
Attack_XSS_Message_Error                           | ENC      | ATTACK   | ATTACK   | 1.0000 |     2.84 | ✅
Attack_XSS_Keyword_Script                          | RAW      | ATTACK   | ATTACK   | 1.0000 |     2.78 | ✅
Attack_XSS_Keyword_Script                          | ENC      | ATTACK   | ATTACK   | 1.0000 |     2.78 | ✅
Attack_XSS_Login_Print                             | RAW      | ATTACK   | ATTACK   | 1.0000 |     2.85 | ✅
Attack_XSS_Login_Print                             | ENC      | ATTACK   | ATTACK   | 1.0000 |     2.95 | ✅
Attack_SQLi_cname_Union_MD5                        | RAW      | ATTACK   | ATTACK   | 1.0000 |     2.91 | ✅
Attack_SQLi_cname_Union_MD5                        | ENC      | ATTACK   | ATTACK   | 1.0000 |     3.14 | ✅
Attack_XSS_Message_Error_Img                       | RAW      | ATTACK   | ATTACK   | 1.0000 |     4.57 | ✅
Attack_XSS_Message_Error_Img                       | ENC      | ATTACK   | ATTACK   | 1.0000 |     3.11 | ✅
Attack_SQLi_q_Union_User                           | RAW      | ATTACK   | ATTACK   | 1.0000 |     3.52 | ✅
Attack_SQLi_q_Union_User                           | ENC      | ATTACK   | ATTACK   | 1.0000 |     3.49 | ✅
Attack_CFIDE_XSS_Path                              | RAW      | ATTACK   | ATTACK   | 1.0000 |     2.96 | ✅
Attack_CFIDE_XSS_Path                              | ENC      | ATTACK   | ATTACK   | 1.0000 |     3.27 | ✅
Attack_XSS_Login_Print_Duplicate                   | RAW      | ATTACK   | ATTACK   | 1.0000 |     3.11 | ✅
Attack_XSS_Login_Print_Duplicate                   | ENC      | ATTACK   | ATTACK   | 1.0000 |     2.88 | ✅
Attack_File_Read_dbkey_Syslog                      | RAW      | ATTACK   | ATTACK   | 1.0000 |     2.88 | ✅
Attack_File_Read_dbkey_Syslog                      | ENC      | ATTACK   | ATTACK   | 1.0000 |     2.81 | ✅
Attack_XSS_Message_Success_Img                     | RAW      | ATTACK   | ATTACK   | 1.0000 |     2.84 | ✅
Attack_XSS_Message_Success_Img                     | ENC      | ATTACK   | ATTACK   | 1.0000 |     2.80 | ✅
Attack_CFIDE_XSS_Path_Variant                      | RAW      | ATTACK   | ATTACK   | 1.0000 |     2.93 | ✅
Attack_CFIDE_XSS_Path_Variant                      | ENC      | ATTACK   | ATTACK   | 1.0000 |     2.83 | ✅
Attack_LFI_chemin_nomgif                           | RAW      | ATTACK   | ATTACK   | 1.0000 |     2.81 | ✅
Attack_LFI_chemin_nomgif                           | ENC      | ATTACK   | ATTACK   | 1.0000 |     2.79 | ✅
Attack_SQLi_pjAdminOrders_Controller               | RAW      | ATTACK   | ATTACK   | 1.0000 |     2.96 | ✅
Attack_SQLi_pjAdminOrders_Controller               | ENC      | ATTACK   | ATTACK   | 1.0000 |     2.89 | ✅
Attack_LFI_path_Param                              | RAW      | ATTACK   | ATTACK   | 1.0000 |     2.69 | ✅
Attack_LFI_path_Param                              | ENC      | ATTACK   | ATTACK   | 1.0000 |     2.68 | ✅
Attack_LFI_Render_File                             | RAW      | ATTACK   | ATTACK   | 1.0000 |     2.85 | ✅
Attack_LFI_Render_File                             | ENC      | ATTACK   | ATTACK   | 1.0000 |     2.84 | ✅
Attack_XSS_redirect_to                             | RAW      | ATTACK   | ATTACK   | 1.0000 |     2.83 | ✅
Attack_XSS_redirect_to                             | ENC      | ATTACK   | ATTACK   | 1.0000 |     2.86 | ✅
Attack_LFI_g_file_name                             | RAW      | ATTACK   | ATTACK   | 1.0000 |     2.80 | ✅
Attack_LFI_g_file_name                             | ENC      | ATTACK   | ATTACK   | 1.0000 |     2.80 | ✅
Attack_SQLi_pjAdminOrders_Controller_Duplicate     | RAW      | ATTACK   | ATTACK   | 1.0000 |     2.97 | ✅
Attack_SQLi_pjAdminOrders_Controller_Duplicate     | ENC      | ATTACK   | ATTACK   | 1.0000 |     3.01 | ✅
Attack_LFI_url_Param                               | RAW      | ATTACK   | ATTACK   | 1.0000 |     2.80 | ✅
Attack_LFI_url_Param                               | ENC      | ATTACK   | ATTACK   | 1.0000 |     2.77 | ✅
Attack_XSS_redirect_to_Duplicate                   | RAW      | ATTACK   | ATTACK   | 1.0000 |     2.85 | ✅
Attack_XSS_redirect_to_Duplicate                   | ENC      | ATTACK   | ATTACK   | 1.0000 |     2.79 | ✅
Attack_LFI_sys_dia_data_down                       | RAW      | ATTACK   | ATTACK   | 1.0000 |     2.78 | ✅
Attack_LFI_sys_dia_data_down                       | ENC      | ATTACK   | ATTACK   | 1.0000 |     2.76 | ✅
Attack_XSS_time_begin                              | RAW      | ATTACK   | ATTACK   | 1.0000 |     2.99 | ✅
Attack_XSS_time_begin                              | ENC      | ATTACK   | ATTACK   | 1.0000 |     2.89 | ✅
Attack_RCE_CVE_2020_19625_Probe                    | RAW      | ATTACK   | ATTACK   | 1.0000 |     2.81 | ✅
Attack_RCE_CVE_2020_19625_Probe                    | ENC      | ATTACK   | ATTACK   | 1.0000 |     2.82 | ✅
Attack_CFIDE_Admin_XSS_Path                        | RAW      | ATTACK   | ATTACK   | 1.0000 |     2.91 | ✅
Attack_CFIDE_Admin_XSS_Path                        | ENC      | ATTACK   | ATTACK   | 1.0000 |     2.80 | ✅
Attack_XSS_error_script                            | RAW      | ATTACK   | ATTACK   | 1.0000 |     2.68 | ✅
Attack_XSS_error_script                            | ENC      | ATTACK   | ATTACK   | 1.0000 |     2.84 | ✅
Attack_XSS_time_begin_Duplicate                    | RAW      | ATTACK   | ATTACK   | 1.0000 |     3.45 | ✅
Attack_XSS_time_begin_Duplicate                    | ENC      | ATTACK   | ATTACK   | 1.0000 |     4.52 | ✅
Attack_XSS_dataset_script                          | RAW      | ATTACK   | ATTACK   | 1.0000 |     3.04 | ✅
Attack_XSS_dataset_script                          | ENC      | ATTACK   | ATTACK   | 1.0000 |     3.24 | ✅
Attack_XSS_search_img                              | RAW      | ATTACK   | ATTACK   | 1.0000 |     3.07 | ✅
Attack_XSS_search_img                              | ENC      | ATTACK   | ATTACK   | 1.0000 |     3.00 | ✅
Attack_SQLi_WordPress_Gallery_Union                | RAW      | ATTACK   | ATTACK   | 1.0000 |     3.65 | ✅
Attack_SQLi_WordPress_Gallery_Union                | ENC      | ATTACK   | ATTACK   | 1.0000 |     3.32 | ✅
Attack_DOM_XSS_ed_Javascript                       | RAW      | ATTACK   | ATTACK   | 1.0000 |     3.39 | ✅
Attack_DOM_XSS_ed_Javascript                       | ENC      | ATTACK   | ATTACK   | 1.0000 |     3.13 | ✅
Attack_XSS_search_img_Duplicate                    | RAW      | ATTACK   | ATTACK   | 1.0000 |     2.90 | ✅
Attack_XSS_search_img_Duplicate                    | ENC      | ATTACK   | ATTACK   | 1.0000 |     2.84 | ✅
Attack_XSS_WPDA_Gallery_Index                      | RAW      | ATTACK   | ATTACK   | 1.0000 |     3.35 | ✅
Attack_XSS_WPDA_Gallery_Index                      | ENC      | ATTACK   | ATTACK   | 1.0000 |     3.28 | ✅
Attack_LFI_file_Param                              | RAW      | ATTACK   | ATTACK   | 1.0000 |     2.83 | ✅
Attack_LFI_file_Param                              | ENC      | ATTACK   | ATTACK   | 1.0000 |     2.79 | ✅
Attack_DOM_XSS_ed_Javascript_Duplicate             | RAW      | ATTACK   | ATTACK   | 1.0000 |     2.83 | ✅
Attack_DOM_XSS_ed_Javascript_Duplicate             | ENC      | ATTACK   | ATTACK   | 1.0000 |     2.80 | ✅
Attack_XSS_Jenkins_Label_SVG                       | RAW      | ATTACK   | ATTACK   | 1.0000 |     3.63 | ✅
Attack_XSS_Jenkins_Label_SVG                       | ENC      | ATTACK   | ATTACK   | 1.0000 |     3.51 | ✅
Attack_CFIDE_Wizard_XSS_Path                       | RAW      | ATTACK   | ATTACK   | 1.0000 |     2.84 | ✅
Attack_CFIDE_Wizard_XSS_Path                       | ENC      | ATTACK   | ATTACK   | 1.0000 |     2.84 | ✅
Attack_XSS_WPDA_Gallery_Index_Duplicate            | RAW      | ATTACK   | ATTACK   | 1.0000 |     2.76 | ✅
Attack_XSS_WPDA_Gallery_Index_Duplicate            | ENC      | ATTACK   | ATTACK   | 1.0000 |     2.85 | ✅
Attack_XSS_Jenkins_Label_SVG_Duplicate             | RAW      | ATTACK   | ATTACK   | 1.0000 |     3.53 | ✅
Attack_XSS_Jenkins_Label_SVG_Duplicate             | ENC      | ATTACK   | ATTACK   | 1.0000 |     3.70 | ✅
Attack_XSS_URL_OAST_Img                            | RAW      | ATTACK   | ATTACK   | 1.0000 |     2.92 | ✅
Attack_XSS_URL_OAST_Img                            | ENC      | ATTACK   | ATTACK   | 1.0000 |     2.82 | ✅
Attack_Env_File_Probe_Help_Path                    | RAW      | ATTACK   | ATTACK   | 1.0000 |     2.79 | ✅
Attack_Env_File_Probe_Help_Path                    | ENC      | ATTACK   | ATTACK   | 1.0000 |     2.78 | ✅
Attack_Env_File_Probe_Laravel_Path                 | RAW      | ATTACK   | ATTACK   | 1.0000 |     2.74 | ✅
Attack_Env_File_Probe_Laravel_Path                 | ENC      | ATTACK   | ATTACK   | 1.0000 |     2.70 | ✅
Attack_AWS_Config_File_Probe                       | RAW      | ATTACK   | ATTACK   | 1.0000 |     2.74 | ✅
Attack_AWS_Config_File_Probe                       | ENC      | ATTACK   | ATTACK   | 1.0000 |     2.75 | ✅
Attack_Env_File_Probe_Backend_Path                 | RAW      | ATTACK   | ATTACK   | 1.0000 |     2.77 | ✅
Attack_Env_File_Probe_Backend_Path                 | ENC      | ATTACK   | ATTACK   | 1.0000 |     2.65 | ✅
Attack_Env_File_Probe_App_Path                     | RAW      | ATTACK   | ATTACK   | 1.0000 |     2.63 | ✅
Attack_Env_File_Probe_App_Path                     | ENC      | ATTACK   | ATTACK   | 1.0000 |     2.69 | ✅
Attack_Env_File_Probe_API_Path                     | RAW      | ATTACK   | ATTACK   | 1.0000 |     2.73 | ✅
Attack_Env_File_Probe_API_Path                     | ENC      | ATTACK   | ATTACK   | 1.0000 |     2.74 | ✅
Attack_Env_File_Probe_Admin_Path                   | RAW      | ATTACK   | ATTACK   | 1.0000 |     2.78 | ✅
Attack_Env_File_Probe_Admin_Path                   | ENC      | ATTACK   | ATTACK   | 1.0000 |     2.73 | ✅
Attack_GitLab_CI_File_Probe                        | RAW      | ATTACK   | ATTACK   | 1.0000 |     2.76 | ✅
Attack_GitLab_CI_File_Probe                        | ENC      | ATTACK   | ATTACK   | 1.0000 |     2.77 | ✅
Attack_Git_Config_File_Probe                       | RAW      | ATTACK   | ATTACK   | 1.0000 |     2.77 | ✅
Attack_Git_Config_File_Probe                       | ENC      | ATTACK   | ATTACK   | 1.0000 |     2.72 | ✅
Attack_Env_File_Probe_Production                   | RAW      | ATTACK   | ATTACK   | 1.0000 |     2.73 | ✅
Attack_Env_File_Probe_Production                   | ENC      | ATTACK   | ATTACK   | 1.0000 |     2.73 | ✅
Attack_Env_File_Probe_Staging                      | RAW      | ATTACK   | ATTACK   | 1.0000 |     2.68 | ✅
Attack_Env_File_Probe_Staging                      | ENC      | ATTACK   | ATTACK   | 1.0000 |     2.70 | ✅
Attack_Env_File_Probe_Test                         | RAW      | ATTACK   | ATTACK   | 1.0000 |     2.78 | ✅
Attack_Env_File_Probe_Test                         | ENC      | ATTACK   | ATTACK   | 1.0000 |     2.77 | ✅
Attack_Env_File_Probe_Prod                         | RAW      | ATTACK   | ATTACK   | 1.0000 |     2.77 | ✅
Attack_Env_File_Probe_Prod                         | ENC      | ATTACK   | ATTACK   | 1.0000 |     2.74 | ✅
Attack_Env_File_Probe_Root                         | RAW      | ATTACK   | ATTACK   | 1.0000 |     2.73 | ✅
Attack_Env_File_Probe_Root                         | ENC      | ATTACK   | ATTACK   | 1.0000 |     2.87 | ✅
Attack_AWS_Credentials_File_Probe                  | RAW      | ATTACK   | ATTACK   | 1.0000 |     2.81 | ✅
Attack_AWS_Credentials_File_Probe                  | ENC      | ATTACK   | ATTACK   | 1.0000 |     2.75 | ✅
Attack_Config_JSON_File_Probe                      | RAW      | ATTACK   | ATTACK   | 1.0000 |     2.75 | ✅
Attack_Config_JSON_File_Probe                      | ENC      | ATTACK   | ATTACK   | 1.0000 |     2.77 | ✅
Attack_Env_File_Probe_Local                        | RAW      | ATTACK   | ATTACK   | 1.0000 |     2.83 | ✅
Attack_Env_File_Probe_Local                        | ENC      | ATTACK   | ATTACK   | 1.0000 |     3.33 | ✅
Attack_Analyzer_Combined_XSS_SQLi_HTML             | RAW      | ATTACK   | ATTACK   | 1.0000 |     3.85 | ✅
Attack_Analyzer_Combined_XSS_SQLi_HTML             | ENC      | ATTACK   | ATTACK   | 1.0000 |     3.97 | ✅
Homepage Access                                    | RAW      | NORMAL   | NORMAL   | 1.0000 |     2.86 | ✅
Homepage Access                                    | ENC      | NORMAL   | NORMAL   | 1.0000 |     2.85 | ✅
Static Asset (CSS)                                 | RAW      | NORMAL   | NORMAL   | 1.0000 |     2.92 | ✅
Static Asset (CSS)                                 | ENC      | NORMAL   | NORMAL   | 1.0000 |     2.80 | ✅
Static Asset (JS)                                  | RAW      | NORMAL   | NORMAL   | 1.0000 |     2.79 | ✅
Static Asset (JS)                                  | ENC      | NORMAL   | NORMAL   | 1.0000 |     2.77 | ✅
Static Asset (Image)                               | RAW      | NORMAL   | NORMAL   | 1.0000 |     3.25 | ✅
Static Asset (Image)                               | ENC      | NORMAL   | NORMAL   | 1.0000 |     3.13 | ✅
Static Asset (Favicon)                             | RAW      | NORMAL   | NORMAL   | 1.0000 |     3.15 | ✅
Static Asset (Favicon)                             | ENC      | NORMAL   | NORMAL   | 1.0000 |     2.93 | ✅
Robots.txt                                         | RAW      | NORMAL   | NORMAL   | 1.0000 |     2.83 | ✅
Robots.txt                                         | ENC      | NORMAL   | NORMAL   | 1.0000 |     2.83 | ✅
Sitemap                                            | RAW      | NORMAL   | NORMAL   | 1.0000 |     3.06 | ✅
Sitemap                                            | ENC      | NORMAL   | NORMAL   | 1.0000 |     2.92 | ✅
Health Check                                       | RAW      | NORMAL   | NORMAL   | 1.0000 |     2.77 | ✅
Health Check                                       | ENC      | NORMAL   | NORMAL   | 1.0000 |     2.82 | ✅
API Ping                                           | RAW      | NORMAL   | NORMAL   | 1.0000 |     2.74 | ✅
API Ping                                           | ENC      | NORMAL   | NORMAL   | 1.0000 |     2.71 | ✅
Login Page Load                                    | RAW      | NORMAL   | NORMAL   | 1.0000 |     2.72 | ✅
Login Page Load                                    | ENC      | NORMAL   | NORMAL   | 1.0000 |     2.94 | ✅
Search Query (Simple)                              | RAW      | NORMAL   | NORMAL   | 1.0000 |     2.93 | ✅
Search Query (Simple)                              | ENC      | NORMAL   | NORMAL   | 1.0000 |     2.79 | ✅
Search Query (Spaces)                              | RAW      | NORMAL   | NORMAL   | 1.0000 |     2.77 | ✅
Search Query (Spaces)                              | ENC      | NORMAL   | NORMAL   | 1.0000 |     2.77 | ✅
Search Query (Symbols)                             | RAW      | NORMAL   | NORMAL   | 1.0000 |     2.73 | ✅
Search Query (Symbols)                             | ENC      | NORMAL   | NORMAL   | 1.0000 |     2.77 | ✅
Search Query (Quote)                               | RAW      | NORMAL   | NORMAL   | 1.0000 |     2.77 | ✅
Search Query (Quote)                               | ENC      | NORMAL   | NORMAL   | 1.0000 |     2.74 | ✅
Search Query (Math)                                | RAW      | NORMAL   | NORMAL   | 1.0000 |     2.75 | ✅
Search Query (Math)                                | ENC      | NORMAL   | NORMAL   | 1.0000 |     2.76 | ✅
API GET (List Products)                            | RAW      | NORMAL   | NORMAL   | 1.0000 |     3.43 | ✅
API GET (List Products)                            | ENC      | NORMAL   | NORMAL   | 1.0000 |     2.95 | ✅
API GET (Single Product)                           | RAW      | NORMAL   | NORMAL   | 1.0000 |     2.79 | ✅
API GET (Single Product)                           | ENC      | NORMAL   | NORMAL   | 1.0000 |     3.81 | ✅
API POST (Login)                                   | RAW      | NORMAL   | NORMAL   | 1.0000 |     2.95 | ✅
API POST (Login)                                   | ENC      | NORMAL   | NORMAL   | 1.0000 |     3.04 | ✅
API POST (Submit Order)                            | RAW      | NORMAL   | NORMAL   | 1.0000 |     2.88 | ✅
API POST (Submit Order)                            | ENC      | NORMAL   | NORMAL   | 1.0000 |     2.78 | ✅
API PUT (Update Profile)                           | RAW      | NORMAL   | NORMAL   | 1.0000 |     2.99 | ✅
API PUT (Update Profile)                           | ENC      | NORMAL   | NORMAL   | 1.0000 |     3.60 | ✅
API PATCH (Update Setting)                         | RAW      | NORMAL   | NORMAL   | 1.0000 |     3.02 | ✅
API PATCH (Update Setting)                         | ENC      | NORMAL   | NORMAL   | 1.0000 |     3.25 | ✅
API DELETE (Remove Item)                           | RAW      | NORMAL   | NORMAL   | 1.0000 |     3.01 | ✅
API DELETE (Remove Item)                           | ENC      | NORMAL   | NORMAL   | 1.0000 |     2.88 | ✅
Form Submit (Contact Us)                           | RAW      | NORMAL   | NORMAL   | 1.0000 |     2.91 | ✅
Form Submit (Contact Us)                           | ENC      | NORMAL   | NORMAL   | 1.0000 |     2.84 | ✅
Form Submit (Signup)                               | RAW      | NORMAL   | NORMAL   | 1.0000 |     2.85 | ✅
Form Submit (Signup)                               | ENC      | NORMAL   | NORMAL   | 1.0000 |     2.81 | ✅
OAuth Auth Flow                                    | RAW      | NORMAL   | NORMAL   | 1.0000 |     2.80 | ✅
OAuth Auth Flow                                    | ENC      | NORMAL   | NORMAL   | 1.0000 |     2.77 | ✅
Analytics Event                                    | RAW      | NORMAL   | NORMAL   | 1.0000 |     2.79 | ✅
Analytics Event                                    | ENC      | NORMAL   | NORMAL   | 1.0000 |     3.02 | ✅
Error Logging                                      | RAW      | NORMAL   | NORMAL   | 1.0000 |     2.92 | ✅
Error Logging                                      | ENC      | NORMAL   | NORMAL   | 1.0000 |     2.77 | ✅
User Profile View                                  | RAW      | NORMAL   | NORMAL   | 1.0000 |     2.78 | ✅
User Profile View                                  | ENC      | NORMAL   | NORMAL   | 1.0000 |     2.79 | ✅
Dashboard Page                                     | RAW      | NORMAL   | NORMAL   | 1.0000 |     2.82 | ✅
Dashboard Page                                     | ENC      | NORMAL   | NORMAL   | 1.0000 |     2.82 | ✅
Settings Navigation                                | RAW      | NORMAL   | NORMAL   | 1.0000 |     3.29 | ✅
Settings Navigation                                | ENC      | NORMAL   | NORMAL   | 1.0000 |     2.93 | ✅
Password Reset Request                             | RAW      | NORMAL   | NORMAL   | 1.0000 |     2.88 | ✅
Password Reset Request                             | ENC      | NORMAL   | NORMAL   | 1.0000 |     2.81 | ✅
Newsletter Subscription                            | RAW      | NORMAL   | NORMAL   | 1.0000 |     2.80 | ✅
Newsletter Subscription                            | ENC      | NORMAL   | NORMAL   | 1.0000 |     2.78 | ✅
Cart Add Item                                      | RAW      | NORMAL   | NORMAL   | 1.0000 |     2.83 | ✅
Cart Add Item                                      | ENC      | NORMAL   | NORMAL   | 1.0000 |     3.44 | ✅
Checkout Page                                      | RAW      | NORMAL   | NORMAL   | 1.0000 |     3.22 | ✅
Checkout Page                                      | ENC      | NORMAL   | NORMAL   | 1.0000 |     4.41 | ✅
Order Success                                      | RAW      | NORMAL   | NORMAL   | 1.0000 |     3.24 | ✅
Order Success                                      | ENC      | NORMAL   | NORMAL   | 1.0000 |     4.09 | ✅
Webhook (GitHub)                                   | RAW      | NORMAL   | NORMAL   | 1.0000 |     3.67 | ✅
Webhook (GitHub)                                   | ENC      | NORMAL   | NORMAL   | 1.0000 |     3.47 | ✅
Webhook (Stripe)                                   | RAW      | NORMAL   | NORMAL   | 1.0000 |     3.29 | ✅
Webhook (Stripe)                                   | ENC      | NORMAL   | NORMAL   | 1.0000 |     3.47 | ✅
HEAD Request (CDN)                                 | RAW      | NORMAL   | NORMAL   | 1.0000 |     2.95 | ✅
HEAD Request (CDN)                                 | ENC      | NORMAL   | NORMAL   | 1.0000 |     2.85 | ✅
OPTIONS Preflight (CORS)                           | RAW      | NORMAL   | NORMAL   | 1.0000 |     3.12 | ✅
OPTIONS Preflight (CORS)                           | ENC      | NORMAL   | NORMAL   | 1.0000 |     3.99 | ✅
Font Loading                                       | RAW      | NORMAL   | NORMAL   | 1.0000 |     2.94 | ✅
Font Loading                                       | ENC      | NORMAL   | NORMAL   | 1.0000 |     3.94 | ✅
Manifest Loading                                   | RAW      | NORMAL   | NORMAL   | 1.0000 |     3.20 | ✅
Manifest Loading                                   | ENC      | NORMAL   | NORMAL   | 1.0000 |     2.84 | ✅
i18n Localization                                  | RAW      | NORMAL   | NORMAL   | 1.0000 |     5.72 | ✅
i18n Localization                                  | ENC      | NORMAL   | NORMAL   | 1.0000 |     3.17 | ✅
GraphQL Query (User)                               | RAW      | NORMAL   | NORMAL   | 1.0000 |     3.17 | ✅
GraphQL Query (User)                               | ENC      | NORMAL   | NORMAL   | 1.0000 |     2.92 | ✅
Documentation Access                               | RAW      | NORMAL   | NORMAL   | 1.0000 |     2.99 | ✅
Documentation Access                               | ENC      | NORMAL   | NORMAL   | 1.0000 |     3.34 | ✅
Blog Article                                       | RAW      | NORMAL   | NORMAL   | 1.0000 |     2.91 | ✅
Blog Article                                       | ENC      | NORMAL   | NORMAL   | 1.0000 |     2.97 | ✅
Comment Submission                                 | RAW      | NORMAL   | NORMAL   | 1.0000 |     2.91 | ✅
Comment Submission                                 | ENC      | NORMAL   | NORMAL   | 1.0000 |     3.29 | ✅
Video Fragment                                     | RAW      | NORMAL   | NORMAL   | 1.0000 |     2.89 | ✅
Video Fragment                                     | ENC      | NORMAL   | NORMAL   | 1.0000 |     3.32 | ✅
Map Tile Request                                   | RAW      | NORMAL   | NORMAL   | 1.0000 |     4.41 | ✅
Map Tile Request                                   | ENC      | NORMAL   | NORMAL   | 1.0000 |     3.61 | ✅
Admin Statistics                                   | RAW      | NORMAL   | NORMAL   | 1.0000 |     3.44 | ✅
Admin Statistics                                   | ENC      | NORMAL   | NORMAL   | 1.0000 |     3.72 | ✅
File Download (PDF)                                | RAW      | NORMAL   | NORMAL   | 1.0000 |     3.62 | ✅
File Download (PDF)                                | ENC      | NORMAL   | NORMAL   | 1.0000 |     2.87 | ✅
User Login (Multi-factor Auth Step)                | RAW      | NORMAL   | NORMAL   | 1.0000 |     2.81 | ✅
User Login (Multi-factor Auth Step)                | ENC      | NORMAL   | NORMAL   | 1.0000 |     2.78 | ✅
File Upload (Profile Picture JPEG)                 | RAW      | NORMAL   | NORMAL   | 1.0000 |     6.66 | ✅
File Upload (Profile Picture JPEG)                 | ENC      | NORMAL   | NORMAL   | 1.0000 |     3.49 | ✅
File Upload (Document PDF)                         | RAW      | NORMAL   | NORMAL   | 1.0000 |     3.06 | ✅
File Upload (Document PDF)                         | ENC      | NORMAL   | NORMAL   | 1.0000 |     4.23 | ✅
Search (Autocomplete API)                          | RAW      | NORMAL   | NORMAL   | 1.0000 |     6.41 | ✅
Search (Autocomplete API)                          | ENC      | NORMAL   | NORMAL   | 1.0000 |     3.80 | ✅
Search (Filter by Category)                        | RAW      | NORMAL   | NORMAL   | 1.0000 |     5.25 | ✅
Search (Filter by Category)                        | ENC      | NORMAL   | NORMAL   | 1.0000 |     4.39 | ✅
Search (Sort by Price)                             | RAW      | NORMAL   | NORMAL   | 1.0000 |     3.02 | ✅
Search (Sort by Price)                             | ENC      | NORMAL   | NORMAL   | 1.0000 |     3.92 | ✅
API POST (Create Comment)                          | RAW      | NORMAL   | NORMAL   | 1.0000 |     3.19 | ✅
API POST (Create Comment)                          | ENC      | NORMAL   | NORMAL   | 1.0000 |     2.91 | ✅
API PUT (Update Avatar)                            | RAW      | NORMAL   | NORMAL   | 1.0000 |     2.90 | ✅
API PUT (Update Avatar)                            | ENC      | NORMAL   | NORMAL   | 1.0000 |     2.84 | ✅
API GET (Paginated Users List)                     | RAW      | NORMAL   | NORMAL   | 1.0000 |     2.83 | ✅
API GET (Paginated Users List)                     | ENC      | NORMAL   | NORMAL   | 1.0000 |     2.82 | ✅
API GET (CSV Export Request)                       | RAW      | NORMAL   | NORMAL   | 1.0000 |     2.84 | ✅
API GET (CSV Export Request)                       | ENC      | NORMAL   | NORMAL   | 1.0000 |     2.83 | ✅
Password Change (Current/New Password)             | RAW      | NORMAL   | NORMAL   | 1.0000 |     2.87 | ✅
Password Change (Current/New Password)             | ENC      | NORMAL   | NORMAL   | 1.0000 |     2.85 | ✅
Two-Factor Secret Setup                            | RAW      | NORMAL   | NORMAL   | 1.0000 |     2.79 | ✅
Two-Factor Secret Setup                            | ENC      | NORMAL   | NORMAL   | 1.0000 |     2.78 | ✅
Newsletter Unsubscribe Link                        | RAW      | NORMAL   | NORMAL   | 1.0000 |     2.83 | ✅
Newsletter Unsubscribe Link                        | ENC      | NORMAL   | NORMAL   | 1.0000 |     2.79 | ✅
Email Verification Link Click                      | RAW      | NORMAL   | NORMAL   | 1.0000 |     2.82 | ✅
Email Verification Link Click                      | ENC      | NORMAL   | NORMAL   | 1.0000 |     2.80 | ✅
Invite Team Member Submit                          | RAW      | NORMAL   | NORMAL   | 1.0000 |     2.84 | ✅
Invite Team Member Submit                          | ENC      | NORMAL   | NORMAL   | 1.0000 |     2.82 | ✅
Project Creation (JSON naming)                     | RAW      | NORMAL   | NORMAL   | 1.0000 |     2.82 | ✅
Project Creation (JSON naming)                     | ENC      | NORMAL   | NORMAL   | 1.0000 |     2.77 | ✅
Billing Address Update                             | RAW      | NORMAL   | NORMAL   | 1.0000 |     2.86 | ✅
Billing Address Update                             | ENC      | NORMAL   | NORMAL   | 1.0000 |     2.83 | ✅
Credit Card Tokenization (Stripe/Internal)         | RAW      | NORMAL   | NORMAL   | 1.0000 |     2.80 | ✅
Credit Card Tokenization (Stripe/Internal)         | ENC      | NORMAL   | NORMAL   | 1.0000 |     2.79 | ✅
Order History Search                               | RAW      | NORMAL   | NORMAL   | 1.0000 |     2.79 | ✅
Order History Search                               | ENC      | NORMAL   | NORMAL   | 1.0000 |     2.77 | ✅
Knowledge Base Search                              | RAW      | NORMAL   | NORMAL   | 1.0000 |     2.82 | ✅
Knowledge Base Search                              | ENC      | NORMAL   | NORMAL   | 1.0000 |     2.81 | ✅
API POST (Log Frontend Error)                      | RAW      | NORMAL   | NORMAL   | 1.0000 |     2.84 | ✅
API POST (Log Frontend Error)                      | ENC      | NORMAL   | NORMAL   | 1.0000 |     2.81 | ✅
API POST (Metric Tracking)                         | RAW      | NORMAL   | NORMAL   | 1.0000 |     2.81 | ✅
API POST (Metric Tracking)                         | ENC      | NORMAL   | NORMAL   | 1.0000 |     2.83 | ✅
WebSocket Handshake (Normal)                       | RAW      | NORMAL   | NORMAL   | 1.0000 |     2.82 | ✅
WebSocket Handshake (Normal)                       | ENC      | NORMAL   | NORMAL   | 1.0000 |     2.77 | ✅
WebSocket Heartbeat (Ping)                         | RAW      | NORMAL   | NORMAL   | 1.0000 |     3.23 | ✅
WebSocket Heartbeat (Ping)                         | ENC      | NORMAL   | NORMAL   | 1.0000 |     3.14 | ✅
Resource Loading (SVG Icon)                        | RAW      | NORMAL   | NORMAL   | 1.0000 |     2.91 | ✅
Resource Loading (SVG Icon)                        | ENC      | NORMAL   | NORMAL   | 1.0000 |     2.93 | ✅
Resource Loading (WebP Image)                      | RAW      | NORMAL   | NORMAL   | 1.0000 |     3.94 | ✅
Resource Loading (WebP Image)                      | ENC      | NORMAL   | NORMAL   | 1.0000 |     3.04 | ✅
Resource Loading (JSON Config)                     | RAW      | NORMAL   | NORMAL   | 1.0000 |     3.24 | ✅
Resource Loading (JSON Config)                     | ENC      | NORMAL   | NORMAL   | 1.0000 |     3.19 | ✅
i18n Change (Language Toggle)                      | RAW      | NORMAL   | NORMAL   | 1.0000 |     2.84 | ✅
i18n Change (Language Toggle)                      | ENC      | NORMAL   | NORMAL   | 1.0000 |     2.81 | ✅
Dark Mode Theme Toggle                             | RAW      | NORMAL   | NORMAL   | 1.0000 |     2.81 | ✅
Dark Mode Theme Toggle                             | ENC      | NORMAL   | NORMAL   | 1.0000 |     2.78 | ✅
User Notification Dismiss                          | RAW      | NORMAL   | NORMAL   | 1.0000 |     2.78 | ✅
User Notification Dismiss                          | ENC      | NORMAL   | NORMAL   | 1.0000 |     2.74 | ✅
In-App Message Read Receipt                        | RAW      | NORMAL   | NORMAL   | 1.0000 |     2.70 | ✅
In-App Message Read Receipt                        | ENC      | NORMAL   | NORMAL   | 1.0000 |     2.80 | ✅
Video Playback Progress Sync                       | RAW      | NORMAL   | NORMAL   | 1.0000 |     2.93 | ✅
Video Playback Progress Sync                       | ENC      | NORMAL   | NORMAL   | 1.0000 |     2.98 | ✅
Audio Stream Fragment Load                         | RAW      | NORMAL   | NORMAL   | 1.0000 |     2.86 | ✅
Audio Stream Fragment Load                         | ENC      | NORMAL   | NORMAL   | 1.0000 |     2.80 | ✅
Map Zoom/Pan Coordinates                           | RAW      | NORMAL   | NORMAL   | 1.0000 |     2.83 | ✅
Map Zoom/Pan Coordinates                           | ENC      | NORMAL   | NORMAL   | 1.0000 |     2.78 | ✅
Dashboard Widget Refresh                           | RAW      | NORMAL   | NORMAL   | 1.0000 |     2.74 | ✅
Dashboard Widget Refresh                           | ENC      | NORMAL   | NORMAL   | 1.0000 |     2.75 | ✅
Report Generation (Polling status)                 | RAW      | NORMAL   | NORMAL   | 1.0000 |     3.11 | ✅
Report Generation (Polling status)                 | ENC      | NORMAL   | NORMAL   | 1.0000 |     3.10 | ✅
Terms of Service Acceptance                        | RAW      | NORMAL   | NORMAL   | 1.0000 |     2.94 | ✅
Terms of Service Acceptance                        | ENC      | NORMAL   | NORMAL   | 1.0000 |     2.88 | ✅
GDPR Consent Modal Submit                          | RAW      | NORMAL   | NORMAL   | 1.0000 |     2.93 | ✅
GDPR Consent Modal Submit                          | ENC      | NORMAL   | NORMAL   | 1.0000 |     2.87 | ✅
Site Search (Complex query with AND, OR)           | RAW      | NORMAL   | NORMAL   | 1.0000 |     2.84 | ✅
Site Search (Complex query with AND, OR)           | ENC      | NORMAL   | NORMAL   | 1.0000 |     3.51 | ✅
Product Review Submit (Text + Star rating)         | RAW      | NORMAL   | NORMAL   | 1.0000 |     3.16 | ✅
Product Review Submit (Text + Star rating)         | ENC      | NORMAL   | NORMAL   | 1.0000 |     2.94 | ✅
Wishlist Add Request                               | RAW      | NORMAL   | NORMAL   | 1.0000 |     2.84 | ✅
Wishlist Add Request                               | ENC      | NORMAL   | NORMAL   | 1.0000 |     2.82 | ✅
Compare Products Modal Access                      | RAW      | NORMAL   | NORMAL   | 1.0000 |     2.90 | ✅
Compare Products Modal Access                      | ENC      | NORMAL   | NORMAL   | 1.0000 |     2.82 | ✅
Store Locator Search (Zip codes)                   | RAW      | NORMAL   | NORMAL   | 1.0000 |     3.69 | ✅
Store Locator Search (Zip codes)                   | ENC      | NORMAL   | NORMAL   | 1.0000 |     3.11 | ✅
Career Page (Job application submit)               | RAW      | NORMAL   | NORMAL   | 1.0000 |     3.19 | ✅
Career Page (Job application submit)               | ENC      | NORMAL   | NORMAL   | 1.0000 |     2.97 | ✅
Support Ticket Attachments                         | RAW      | NORMAL   | NORMAL   | 1.0000 |     2.98 | ✅
Support Ticket Attachments                         | ENC      | NORMAL   | NORMAL   | 1.0000 |     2.85 | ✅
Live Chat Initiation                               | RAW      | NORMAL   | NORMAL   | 1.0000 |     3.03 | ✅
Live Chat Initiation                               | ENC      | NORMAL   | NORMAL   | 1.0000 |     2.89 | ✅
RSS Feed Access                                    | RAW      | NORMAL   | NORMAL   | 1.0000 |     3.22 | ✅
RSS Feed Access                                    | ENC      | NORMAL   | NORMAL   | 1.0000 |     3.16 | ✅
Podcast RSS Metadata                               | RAW      | NORMAL   | NORMAL   | 1.0000 |     3.34 | ✅
Podcast RSS Metadata                               | ENC      | NORMAL   | NORMAL   | 1.0000 |     2.93 | ✅
E-book Kindle Delivery Request                     | RAW      | NORMAL   | NORMAL   | 1.0000 |     3.22 | ✅
E-book Kindle Delivery Request                     | ENC      | NORMAL   | NORMAL   | 1.0000 |     2.93 | ✅
Logout Confirmation Access                         | RAW      | NORMAL   | NORMAL   | 1.0000 |     2.82 | ✅
Logout Confirmation Access                         | ENC      | NORMAL   | NORMAL   | 1.0000 |     2.86 | ✅
Test                                               | RAW      | NORMAL   | NORMAL   | 1.0000 |     2.79 | ✅
Test                                               | ENC      | NORMAL   | NORMAL   | 1.0000 |     2.80 | ✅
Test2                                              | RAW      | NORMAL   | NORMAL   | 1.0000 |     3.32 | ✅
Test2                                              | ENC      | NORMAL   | NORMAL   | 1.0000 |     3.21 | ✅
Test3                                              | RAW      | NORMAL   | NORMAL   | 1.0000 |     4.79 | ✅
Test3                                              | ENC      | NORMAL   | NORMAL   | 1.0000 |     3.43 | ✅
Only slash                                         | RAW      | NORMAL   | NORMAL   | 1.0000 |     2.85 | ✅
Only slash                                         | ENC      | NORMAL   | NORMAL   | 1.0000 |     3.25 | ✅
FP1                                                | RAW      | NORMAL   | NORMAL   | 1.0000 |     3.69 | ✅
FP1                                                | ENC      | NORMAL   | NORMAL   | 1.0000 |     3.15 | ✅
FP2                                                | RAW      | NORMAL   | NORMAL   | 1.0000 |     3.14 | ✅
FP2                                                | ENC      | NORMAL   | NORMAL   | 1.0000 |     3.18 | ✅
FP3                                                | RAW      | NORMAL   | NORMAL   | 1.0000 |     3.67 | ✅
FP3                                                | ENC      | NORMAL   | NORMAL   | 1.0000 |     3.49 | ✅
FP_PDF_2                                           | RAW      | NORMAL   | NORMAL   | 1.0000 |     2.86 | ✅
FP_PDF_2                                           | ENC      | NORMAL   | NORMAL   | 1.0000 |     2.99 | ✅
FP_PDF_3                                           | RAW      | NORMAL   | NORMAL   | 1.0000 |     2.95 | ✅
FP_PDF_3                                           | ENC      | NORMAL   | NORMAL   | 1.0000 |     2.90 | ✅
FP_PDF_4                                           | RAW      | NORMAL   | NORMAL   | 1.0000 |     2.84 | ✅
FP_PDF_4                                           | ENC      | NORMAL   | NORMAL   | 1.0000 |     2.82 | ✅
FP_PDF_5                                           | RAW      | NORMAL   | NORMAL   | 1.0000 |     3.91 | ✅
FP_PDF_5                                           | ENC      | NORMAL   | NORMAL   | 1.0000 |     3.13 | ✅
FP_PDF_6                                           | RAW      | NORMAL   | NORMAL   | 1.0000 |     2.88 | ✅
FP_PDF_6                                           | ENC      | NORMAL   | NORMAL   | 1.0000 |     2.82 | ✅
FP_PDF_7                                           | RAW      | NORMAL   | NORMAL   | 1.0000 |     2.87 | ✅
FP_PDF_7                                           | ENC      | NORMAL   | NORMAL   | 1.0000 |     2.81 | ✅
FP_PDF_8                                           | RAW      | NORMAL   | NORMAL   | 1.0000 |     2.76 | ✅
FP_PDF_8                                           | ENC      | NORMAL   | NORMAL   | 1.0000 |     2.82 | ✅
FP_PDF_9                                           | RAW      | NORMAL   | NORMAL   | 1.0000 |     2.92 | ✅
FP_PDF_9                                           | ENC      | NORMAL   | NORMAL   | 1.0000 |     2.80 | ✅
FP_PDF_10                                          | RAW      | NORMAL   | NORMAL   | 1.0000 |     2.86 | ✅
FP_PDF_10                                          | ENC      | NORMAL   | NORMAL   | 1.0000 |     2.79 | ✅
FP_PDF_11                                          | RAW      | NORMAL   | NORMAL   | 1.0000 |     2.84 | ✅
FP_PDF_11                                          | ENC      | NORMAL   | NORMAL   | 1.0000 |     2.83 | ✅
FP_PDF_12                                          | RAW      | NORMAL   | NORMAL   | 1.0000 |     2.81 | ✅
FP_PDF_12                                          | ENC      | NORMAL   | NORMAL   | 1.0000 |     2.80 | ✅
FP_PDF_13                                          | RAW      | NORMAL   | NORMAL   | 1.0000 |     2.80 | ✅
FP_PDF_13                                          | ENC      | NORMAL   | NORMAL   | 1.0000 |     2.78 | ✅
FP_PDF_14                                          | RAW      | NORMAL   | NORMAL   | 1.0000 |     3.47 | ✅
FP_PDF_14                                          | ENC      | NORMAL   | NORMAL   | 1.0000 |     3.18 | ✅
FP_PDF_15                                          | RAW      | NORMAL   | NORMAL   | 1.0000 |     3.00 | ✅
FP_PDF_15                                          | ENC      | NORMAL   | NORMAL   | 1.0000 |     2.82 | ✅
FP_PDF_16                                          | RAW      | NORMAL   | NORMAL   | 1.0000 |     2.88 | ✅
FP_PDF_16                                          | ENC      | NORMAL   | NORMAL   | 1.0000 |     2.83 | ✅
FP_PDF_17                                          | RAW      | NORMAL   | NORMAL   | 1.0000 |     3.84 | ✅
FP_PDF_17                                          | ENC      | NORMAL   | NORMAL   | 1.0000 |     3.16 | ✅
FP_PDF_18                                          | RAW      | NORMAL   | NORMAL   | 1.0000 |     3.11 | ✅
FP_PDF_18                                          | ENC      | NORMAL   | NORMAL   | 1.0000 |     2.98 | ✅
FP_PDF_19                                          | RAW      | NORMAL   | NORMAL   | 1.0000 |     2.88 | ✅
FP_PDF_19                                          | ENC      | NORMAL   | NORMAL   | 1.0000 |     2.86 | ✅
FP_PDF_20                                          | RAW      | NORMAL   | NORMAL   | 1.0000 |     2.93 | ✅
FP_PDF_20                                          | ENC      | NORMAL   | NORMAL   | 1.0000 |     3.54 | ✅
FP_PDF_21                                          | RAW      | NORMAL   | NORMAL   | 1.0000 |     3.20 | ✅
FP_PDF_21                                          | ENC      | NORMAL   | NORMAL   | 1.0000 |     2.88 | ✅
FP_PDF_22                                          | RAW      | NORMAL   | NORMAL   | 1.0000 |     3.12 | ✅
FP_PDF_22                                          | ENC      | NORMAL   | NORMAL   | 1.0000 |     2.92 | ✅
FP_PDF_23                                          | RAW      | NORMAL   | NORMAL   | 1.0000 |     3.01 | ✅
FP_PDF_23                                          | ENC      | NORMAL   | NORMAL   | 1.0000 |     2.96 | ✅
FP_PDF_24                                          | RAW      | NORMAL   | NORMAL   | 1.0000 |     2.81 | ✅
FP_PDF_24                                          | ENC      | NORMAL   | NORMAL   | 1.0000 |     2.79 | ✅
FP_PDF_25                                          | RAW      | NORMAL   | NORMAL   | 1.0000 |     2.92 | ✅
FP_PDF_25                                          | ENC      | NORMAL   | NORMAL   | 1.0000 |     2.86 | ✅
FP_PDF_26                                          | RAW      | NORMAL   | NORMAL   | 1.0000 |     2.82 | ✅
FP_PDF_26                                          | ENC      | NORMAL   | NORMAL   | 1.0000 |     2.79 | ✅
FP_PDF_27                                          | RAW      | NORMAL   | NORMAL   | 1.0000 |     2.80 | ✅
FP_PDF_27                                          | ENC      | NORMAL   | NORMAL   | 1.0000 |     2.68 | ✅
FP_PDF_28                                          | RAW      | NORMAL   | NORMAL   | 1.0000 |     2.74 | ✅
FP_PDF_28                                          | ENC      | NORMAL   | NORMAL   | 1.0000 |     2.89 | ✅
FP_PDF_29                                          | RAW      | NORMAL   | NORMAL   | 1.0000 |     3.11 | ✅
FP_PDF_29                                          | ENC      | NORMAL   | NORMAL   | 1.0000 |     3.02 | ✅
FP_PDF_30                                          | RAW      | NORMAL   | NORMAL   | 1.0000 |     2.81 | ✅
FP_PDF_30                                          | ENC      | NORMAL   | NORMAL   | 1.0000 |     2.75 | ✅
FP_PDF_31                                          | RAW      | NORMAL   | NORMAL   | 1.0000 |     2.82 | ✅
FP_PDF_31                                          | ENC      | NORMAL   | NORMAL   | 1.0000 |     2.74 | ✅
FP_PDF_32                                          | RAW      | NORMAL   | NORMAL   | 1.0000 |     2.74 | ✅
FP_PDF_32                                          | ENC      | NORMAL   | NORMAL   | 1.0000 |     2.76 | ✅
FP_PDF_33                                          | RAW      | NORMAL   | NORMAL   | 1.0000 |     2.73 | ✅
FP_PDF_33                                          | ENC      | NORMAL   | NORMAL   | 1.0000 |     2.71 | ✅
FP_PDF_34                                          | RAW      | NORMAL   | NORMAL   | 1.0000 |     2.82 | ✅
FP_PDF_34                                          | ENC      | NORMAL   | NORMAL   | 1.0000 |     2.84 | ✅
FP_PDF_35                                          | RAW      | NORMAL   | NORMAL   | 1.0000 |     2.79 | ✅
FP_PDF_35                                          | ENC      | NORMAL   | NORMAL   | 1.0000 |     2.75 | ✅
FP_PDF_36                                          | RAW      | NORMAL   | NORMAL   | 1.0000 |     2.73 | ✅
FP_PDF_36                                          | ENC      | NORMAL   | NORMAL   | 1.0000 |     2.74 | ✅
FP_PDF_37                                          | RAW      | NORMAL   | NORMAL   | 1.0000 |     2.96 | ✅
FP_PDF_37                                          | ENC      | NORMAL   | NORMAL   | 1.0000 |     2.91 | ✅
FP_PDF_38                                          | RAW      | NORMAL   | NORMAL   | 1.0000 |     2.72 | ✅
FP_PDF_38                                          | ENC      | NORMAL   | NORMAL   | 1.0000 |     2.74 | ✅
FP_PDF_39                                          | RAW      | NORMAL   | NORMAL   | 1.0000 |     2.70 | ✅
FP_PDF_39                                          | ENC      | NORMAL   | NORMAL   | 1.0000 |     2.66 | ✅
FP_PDF_40                                          | RAW      | NORMAL   | NORMAL   | 1.0000 |     2.64 | ✅
FP_PDF_40                                          | ENC      | NORMAL   | NORMAL   | 1.0000 |     2.71 | ✅
FP_PDF_41                                          | RAW      | NORMAL   | NORMAL   | 1.0000 |     2.80 | ✅
FP_PDF_41                                          | ENC      | NORMAL   | NORMAL   | 1.0000 |     2.84 | ✅
FP_PDF_42                                          | RAW      | NORMAL   | NORMAL   | 1.0000 |     2.82 | ✅
FP_PDF_42                                          | ENC      | NORMAL   | NORMAL   | 1.0000 |     2.85 | ✅
FP_PDF_43                                          | RAW      | NORMAL   | NORMAL   | 1.0000 |     2.87 | ✅
FP_PDF_43                                          | ENC      | NORMAL   | NORMAL   | 1.0000 |     2.77 | ✅
FP_PDF_44                                          | RAW      | NORMAL   | NORMAL   | 1.0000 |     2.83 | ✅
FP_PDF_44                                          | ENC      | NORMAL   | NORMAL   | 1.0000 |     2.79 | ✅
FP_PDF_45                                          | RAW      | NORMAL   | NORMAL   | 1.0000 |     3.75 | ✅
FP_PDF_45                                          | ENC      | NORMAL   | NORMAL   | 1.0000 |     3.27 | ✅
FP_PDF_46                                          | RAW      | NORMAL   | NORMAL   | 1.0000 |     3.16 | ✅
FP_PDF_46                                          | ENC      | NORMAL   | NORMAL   | 1.0000 |     2.91 | ✅
FP_PDF_47                                          | RAW      | NORMAL   | NORMAL   | 1.0000 |     3.11 | ✅
FP_PDF_47                                          | ENC      | NORMAL   | NORMAL   | 1.0000 |     2.95 | ✅
Fix_Samples_1                                      | RAW      | NORMAL   | NORMAL   | 1.0000 |     3.17 | ✅
Fix_Samples_1                                      | ENC      | NORMAL   | NORMAL   | 1.0000 |     3.60 | ✅
FP_PDF_48                                          | RAW      | NORMAL   | NORMAL   | 1.0000 |     3.24 | ✅
FP_PDF_48                                          | ENC      | NORMAL   | NORMAL   | 1.0000 |     3.00 | ✅
FP_PDF_49                                          | RAW      | NORMAL   | NORMAL   | 1.0000 |     3.92 | ✅
FP_PDF_49                                          | ENC      | NORMAL   | NORMAL   | 1.0000 |     3.79 | ✅
FP_USER_50                                         | RAW      | NORMAL   | NORMAL   | 1.0000 |     4.49 | ✅
FP_USER_50                                         | ENC      | NORMAL   | NORMAL   | 1.0000 |     4.89 | ✅
FP_USER_51                                         | RAW      | NORMAL   | NORMAL   | 1.0000 |     3.51 | ✅
FP_USER_51                                         | ENC      | NORMAL   | NORMAL   | 1.0000 |     3.23 | ✅
FP_USER_52                                         | RAW      | NORMAL   | NORMAL   | 1.0000 |     4.12 | ✅
FP_USER_52                                         | ENC      | NORMAL   | NORMAL   | 1.0000 |     4.04 | ✅
FP_USER_53                                         | RAW      | NORMAL   | NORMAL   | 1.0000 |     4.47 | ✅
FP_USER_53                                         | ENC      | NORMAL   | NORMAL   | 1.0000 |     4.54 | ✅
FP_USER_54                                         | RAW      | NORMAL   | NORMAL   | 1.0000 |     3.04 | ✅
FP_USER_54                                         | ENC      | NORMAL   | NORMAL   | 1.0000 |     2.97 | ✅
FP_USER_55                                         | RAW      | NORMAL   | NORMAL   | 1.0000 |     3.93 | ✅
FP_USER_55                                         | ENC      | NORMAL   | NORMAL   | 1.0000 |     3.91 | ✅
FP_USER_56                                         | RAW      | NORMAL   | NORMAL   | 1.0000 |     3.16 | ✅
FP_USER_56                                         | ENC      | NORMAL   | NORMAL   | 1.0000 |     2.97 | ✅
FP_USER_57                                         | RAW      | NORMAL   | NORMAL   | 1.0000 |     3.62 | ✅
FP_USER_57                                         | ENC      | NORMAL   | NORMAL   | 1.0000 |     3.81 | ✅
FP_USER_58                                         | RAW      | NORMAL   | NORMAL   | 1.0000 |     3.66 | ✅
FP_USER_58                                         | ENC      | NORMAL   | NORMAL   | 1.0000 |     3.50 | ✅
FP_OAUTH_1                                         | RAW      | NORMAL   | NORMAL   | 1.0000 |     4.11 | ✅
FP_OAUTH_1                                         | ENC      | NORMAL   | NORMAL   | 1.0000 |     3.19 | ✅
Benign Blog Post                                   | RAW      | NORMAL   | NORMAL   | 1.0000 |     2.88 | ✅
Benign Blog Post                                   | ENC      | NORMAL   | NORMAL   | 1.0000 |     2.80 | ✅
Benign Search Query                                | RAW      | NORMAL   | NORMAL   | 1.0000 |     2.85 | ✅
Benign Search Query                                | ENC      | NORMAL   | NORMAL   | 1.0000 |     2.80 | ✅
Benign Comment                                     | RAW      | NORMAL   | NORMAL   | 1.0000 |     2.85 | ✅
Benign Comment                                     | ENC      | NORMAL   | NORMAL   | 1.0000 |     2.85 | ✅
Benign Tutorial                                    | RAW      | NORMAL   | NORMAL   | 1.0000 |     2.85 | ✅
Benign Tutorial                                    | ENC      | NORMAL   | NORMAL   | 1.0000 |     2.83 | ✅
Benign Asset                                       | RAW      | NORMAL   | NORMAL   | 1.0000 |     2.78 | ✅
Benign Asset                                       | ENC      | NORMAL   | NORMAL   | 1.0000 |     2.78 | ✅
Benign NLP Query 1                                 | RAW      | NORMAL   | NORMAL   | 1.0000 |     2.80 | ✅
Benign NLP Query 1                                 | ENC      | NORMAL   | NORMAL   | 1.0000 |     2.81 | ✅
Benign NLP Query 2                                 | RAW      | NORMAL   | NORMAL   | 1.0000 |     2.81 | ✅
Benign NLP Query 2                                 | ENC      | NORMAL   | NORMAL   | 1.0000 |     2.82 | ✅
Benign NLP Query 3                                 | RAW      | NORMAL   | NORMAL   | 1.0000 |     3.36 | ✅
Benign NLP Query 3                                 | ENC      | NORMAL   | NORMAL   | 1.0000 |     3.35 | ✅
Benign NLP Query 4                                 | RAW      | NORMAL   | NORMAL   | 1.0000 |     2.96 | ✅
Benign NLP Query 4                                 | ENC      | NORMAL   | NORMAL   | 1.0000 |     2.97 | ✅
Benign NLP Query 5                                 | RAW      | NORMAL   | NORMAL   | 1.0000 |     3.19 | ✅
Benign NLP Query 5                                 | ENC      | NORMAL   | NORMAL   | 1.0000 |     3.40 | ✅
Benign NLP Query 6                                 | RAW      | NORMAL   | NORMAL   | 1.0000 |     3.61 | ✅
Benign NLP Query 6                                 | ENC      | NORMAL   | NORMAL   | 1.0000 |     3.09 | ✅
Benign NLP Query 7                                 | RAW      | NORMAL   | NORMAL   | 1.0000 |     2.97 | ✅
Benign NLP Query 7                                 | ENC      | NORMAL   | NORMAL   | 1.0000 |     2.90 | ✅
Benign NLP Query 8                                 | RAW      | NORMAL   | NORMAL   | 1.0000 |     2.94 | ✅
Benign NLP Query 8                                 | ENC      | NORMAL   | NORMAL   | 1.0000 |     2.89 | ✅
Benign NLP Query 9                                 | RAW      | NORMAL   | NORMAL   | 1.0000 |     2.89 | ✅
Benign NLP Query 9                                 | ENC      | NORMAL   | NORMAL   | 1.0000 |     2.91 | ✅
Benign NLP Query 10                                | RAW      | NORMAL   | NORMAL   | 1.0000 |     2.96 | ✅
Benign NLP Query 10                                | ENC      | NORMAL   | NORMAL   | 1.0000 |     2.97 | ✅
FP_USER_59                                         | RAW      | NORMAL   | NORMAL   | 1.0000 |     3.36 | ✅
FP_USER_59                                         | ENC      | NORMAL   | NORMAL   | 1.0000 |     3.96 | ✅
FP_USER_60                                         | RAW      | NORMAL   | NORMAL   | 1.0000 |     3.57 | ✅
FP_USER_60                                         | ENC      | NORMAL   | NORMAL   | 1.0000 |     3.41 | ✅
FP_USER_61                                         | RAW      | NORMAL   | NORMAL   | 1.0000 |     3.29 | ✅
FP_USER_61                                         | ENC      | NORMAL   | NORMAL   | 1.0000 |     3.05 | ✅
FP_USER_62                                         | RAW      | NORMAL   | NORMAL   | 1.0000 |     3.47 | ✅
FP_USER_62                                         | ENC      | NORMAL   | NORMAL   | 1.0000 |     3.48 | ✅
FP_USER_63                                         | RAW      | NORMAL   | NORMAL   | 1.0000 |     2.95 | ✅
FP_USER_63                                         | ENC      | NORMAL   | NORMAL   | 1.0000 |     2.96 | ✅
FP_USER_64                                         | RAW      | NORMAL   | NORMAL   | 1.0000 |     3.11 | ✅
FP_USER_64                                         | ENC      | NORMAL   | NORMAL   | 1.0000 |     3.16 | ✅
FP_USER_65                                         | RAW      | NORMAL   | NORMAL   | 1.0000 |     2.94 | ✅
FP_USER_65                                         | ENC      | NORMAL   | NORMAL   | 1.0000 |     2.89 | ✅
FP_USER_66                                         | RAW      | NORMAL   | NORMAL   | 1.0000 |     3.17 | ✅
FP_USER_66                                         | ENC      | NORMAL   | NORMAL   | 1.0000 |     3.41 | ✅
FP_USER_67                                         | RAW      | NORMAL   | NORMAL   | 1.0000 |     3.23 | ✅
FP_USER_67                                         | ENC      | NORMAL   | NORMAL   | 1.0000 |     3.07 | ✅
Benign Alerting Webhook JSON                       | RAW      | NORMAL   | NORMAL   | 1.0000 |     3.80 | ✅
Benign Alerting Webhook JSON                       | ENC      | NORMAL   | NORMAL   | 1.0000 |     3.87 | ✅
Benign Alerting Webhook URL                        | RAW      | NORMAL   | NORMAL   | 1.0000 |     2.92 | ✅
Benign Alerting Webhook URL                        | ENC      | NORMAL   | NORMAL   | 1.0000 |     2.91 | ✅
Benign Alerting Webhook URL                        | RAW      | NORMAL   | NORMAL   | 1.0000 |     2.80 | ✅
Benign Alerting Webhook URL                        | ENC      | NORMAL   | NORMAL   | 1.0000 |     2.84 | ✅
Benign Metadata Fetch URL                          | RAW      | NORMAL   | NORMAL   | 1.0000 |     2.92 | ✅
Benign Metadata Fetch URL                          | ENC      | NORMAL   | NORMAL   | 1.0000 |     2.95 | ✅
Benign Status Update URL                           | RAW      | NORMAL   | NORMAL   | 1.0000 |     2.97 | ✅
Benign Status Update URL                           | ENC      | NORMAL   | NORMAL   | 1.0000 |     3.02 | ✅
Benign Telemetry URL                               | RAW      | NORMAL   | NORMAL   | 1.0000 |     2.99 | ✅
Benign Telemetry URL                               | ENC      | NORMAL   | NORMAL   | 1.0000 |     2.91 | ✅
Benign Flash Sale URL                              | RAW      | NORMAL   | NORMAL   | 1.0000 |     2.89 | ✅
Benign Flash Sale URL                              | ENC      | NORMAL   | NORMAL   | 1.0000 |     2.87 | ✅
Benign Next Static Chunk URL                       | RAW      | NORMAL   | NORMAL   | 1.0000 |     3.02 | ✅
Benign Next Static Chunk URL                       | ENC      | NORMAL   | NORMAL   | 1.0000 |     2.93 | ✅
Benign Blocks Filter URL                           | RAW      | NORMAL   | NORMAL   | 1.0000 |     3.04 | ✅
Benign Blocks Filter URL                           | ENC      | NORMAL   | NORMAL   | 1.0000 |     3.43 | ✅
Benign Category Listing URL                        | RAW      | NORMAL   | NORMAL   | 1.0000 |     3.34 | ✅
Benign Category Listing URL                        | ENC      | NORMAL   | NORMAL   | 1.0000 |     3.07 | ✅
Benign Category Listing URL                        | RAW      | NORMAL   | NORMAL   | 1.0000 |     3.32 | ✅
Benign Category Listing URL                        | ENC      | NORMAL   | NORMAL   | 1.0000 |     2.99 | ✅
Benign Status Update URL                           | RAW      | NORMAL   | NORMAL   | 1.0000 |     3.04 | ✅
Benign Status Update URL                           | ENC      | NORMAL   | NORMAL   | 1.0000 |     4.41 | ✅
Benign Category Page URL                           | RAW      | NORMAL   | NORMAL   | 1.0000 |     3.52 | ✅
Benign Category Page URL                           | ENC      | NORMAL   | NORMAL   | 1.0000 |     3.25 | ✅
Benign Login Return URL                            | RAW      | NORMAL   | NORMAL   | 1.0000 |     3.20 | ✅
Benign Login Return URL                            | ENC      | NORMAL   | NORMAL   | 1.0000 |     3.06 | ✅
Benign Placeholder Image URL                       | RAW      | NORMAL   | NORMAL   | 1.0000 |     3.15 | ✅
Benign Placeholder Image URL                       | ENC      | NORMAL   | NORMAL   | 1.0000 |     3.04 | ✅
Benign Status Update URL                           | RAW      | NORMAL   | NORMAL   | 1.0000 |     3.00 | ✅
Benign Status Update URL                           | ENC      | NORMAL   | NORMAL   | 1.0000 |     2.96 | ✅
Benign Metadata Fetch URL                          | RAW      | NORMAL   | NORMAL   | 1.0000 |     2.87 | ✅
Benign Metadata Fetch URL                          | ENC      | NORMAL   | NORMAL   | 1.0000 |     2.83 | ✅
Benign Status Update URL                           | RAW      | NORMAL   | NORMAL   | 1.0000 |     2.92 | ✅
Benign Status Update URL                           | ENC      | NORMAL   | NORMAL   | 1.0000 |     3.32 | ✅
Benign Auth Login URL                              | RAW      | NORMAL   | NORMAL   | 1.0000 |     3.49 | ✅
Benign Auth Login URL                              | ENC      | NORMAL   | NORMAL   | 1.0000 |     3.40 | ✅
Benign EA Agent Logging URL                        | RAW      | NORMAL   | NORMAL   | 1.0000 |     3.36 | ✅
Benign EA Agent Logging URL                        | ENC      | NORMAL   | NORMAL   | 1.0000 |     3.03 | ✅
Benign Next Static Font URL                        | RAW      | NORMAL   | NORMAL   | 1.0000 |     3.07 | ✅
Benign Next Static Font URL                        | ENC      | NORMAL   | NORMAL   | 1.0000 |     2.92 | ✅
Benign Next Static Font URL                        | RAW      | NORMAL   | NORMAL   | 1.0000 |     2.89 | ✅
Benign Next Static Font URL                        | ENC      | NORMAL   | NORMAL   | 1.0000 |     2.87 | ✅
Benign Voucher Subchannels URL                     | RAW      | NORMAL   | NORMAL   | 1.0000 |     2.94 | ✅
Benign Voucher Subchannels URL                     | ENC      | NORMAL   | NORMAL   | 1.0000 |     2.91 | ✅
Benign Metadata Fetch URL                          | RAW      | NORMAL   | NORMAL   | 1.0000 |     2.91 | ✅
Benign Metadata Fetch URL                          | ENC      | NORMAL   | NORMAL   | 1.0000 |     2.87 | ✅
Benign Next Static Font URL                        | RAW      | NORMAL   | NORMAL   | 1.0000 |     2.88 | ✅
Benign Next Static Font URL                        | ENC      | NORMAL   | NORMAL   | 1.0000 |     2.77 | ✅
Benign Next Static Font URL                        | RAW      | NORMAL   | NORMAL   | 1.0000 |     2.75 | ✅
Benign Next Static Font URL                        | ENC      | NORMAL   | NORMAL   | 1.0000 |     2.80 | ✅
Benign Placeholder Image URL                       | RAW      | NORMAL   | NORMAL   | 1.0000 |     2.90 | ✅
Benign Placeholder Image URL                       | ENC      | NORMAL   | NORMAL   | 1.0000 |     2.83 | ✅
Benign Product Page URL                            | RAW      | NORMAL   | NORMAL   | 1.0000 |     2.79 | ✅
Benign Product Page URL                            | ENC      | NORMAL   | NORMAL   | 1.0000 |     2.83 | ✅
FP_USER_68                                         | RAW      | NORMAL   | NORMAL   | 1.0000 |     2.87 | ✅
FP_USER_68                                         | ENC      | NORMAL   | NORMAL   | 1.0000 |     2.84 | ✅
FP_USER_69                                         | RAW      | NORMAL   | NORMAL   | 1.0000 |     2.99 | ✅
FP_USER_69                                         | ENC      | NORMAL   | NORMAL   | 1.0000 |     2.91 | ✅
Benign Auth Login URL                              | RAW      | NORMAL   | NORMAL   | 1.0000 |     3.76 | ✅
Benign Auth Login URL                              | ENC      | NORMAL   | NORMAL   | 1.0000 |     3.69 | ✅
Benign Empty State SVG URL                         | RAW      | NORMAL   | NORMAL   | 1.0000 |     3.36 | ✅
Benign Empty State SVG URL                         | ENC      | NORMAL   | NORMAL   | 1.0000 |     2.96 | ✅
Benign Blocks Filter URL                           | RAW      | NORMAL   | NORMAL   | 1.0000 |     3.82 | ✅
Benign Blocks Filter URL                           | ENC      | NORMAL   | NORMAL   | 1.0000 |     3.52 | ✅
Benign Login Return URL                            | RAW      | NORMAL   | NORMAL   | 1.0000 |     3.51 | ✅
Benign Login Return URL                            | ENC      | NORMAL   | NORMAL   | 1.0000 |     4.66 | ✅
Benign Auth Login URL                              | RAW      | NORMAL   | NORMAL   | 1.0000 |     3.73 | ✅
Benign Auth Login URL                              | ENC      | NORMAL   | NORMAL   | 1.0000 |     3.37 | ✅
Benign Static JS URL                               | RAW      | NORMAL   | NORMAL   | 1.0000 |     2.89 | ✅
Benign Static JS URL                               | ENC      | NORMAL   | NORMAL   | 1.0000 |     3.19 | ✅
Benign Product Page URL                            | RAW      | NORMAL   | NORMAL   | 1.0000 |     3.10 | ✅
Benign Product Page URL                            | ENC      | NORMAL   | NORMAL   | 1.0000 |     2.84 | ✅
Benign Login Return URL                            | RAW      | NORMAL   | NORMAL   | 1.0000 |     3.31 | ✅
Benign Login Return URL                            | ENC      | NORMAL   | NORMAL   | 1.0000 |     3.19 | ✅
Benign Static JS Source Map URL                    | RAW      | NORMAL   | NORMAL   | 1.0000 |     2.75 | ✅
Benign Static JS Source Map URL                    | ENC      | NORMAL   | NORMAL   | 1.0000 |     2.82 | ✅
Benign Auth Login URL                              | RAW      | NORMAL   | NORMAL   | 1.0000 |     3.71 | ✅
Benign Auth Login URL                              | ENC      | NORMAL   | NORMAL   | 1.0000 |     3.17 | ✅
FP_USER_70                                         | RAW      | NORMAL   | NORMAL   | 1.0000 |     2.95 | ✅
FP_USER_70                                         | ENC      | NORMAL   | NORMAL   | 1.0000 |     2.86 | ✅
FP_USER_71                                         | RAW      | NORMAL   | NORMAL   | 1.0000 |     2.88 | ✅
FP_USER_71                                         | ENC      | NORMAL   | NORMAL   | 1.0000 |     2.95 | ✅
-------------------------------------------------------------------------------------------------------------------
SUMMARY: 1104/1104 Passed (100.00%)
Detailed categorical report saved to /Users/dmac/Desktop/MyEveryThings/workspace/src/github.com/ml/reports/random_forest/categorical_results_onnx.json
